,Year,Country,Population
0,2001,Afghanistan,3809754
1,2001,Albania,7625
2,2001,Algeria,8399
3,2001,Angola,470618
4,2001,Antigua and Barbuda,5
5,2001,Argentina,655
6,2001,Armenia,7205
7,2001,Austria,27
8,2001,Azerbaijan,268755
9,2001,Bahrain,46
10,2001,Bangladesh,5544
11,2001,Barbados,6
12,2001,Belarus,3691
13,2001,Belgium,11
14,2001,Benin,52
15,2001,Bhutan,110844
16,2001,Bolivia (Plurinational State of),155
17,2001,Bosnia and Herzegovina,447325
18,2001,Brazil,251
19,2001,Bulgaria,2122
20,2001,Burkina Faso,90
21,2001,Burundi,553981
22,2001,Cabo Verde,5
23,2001,Cambodia,34755
24,2001,Cameroon,2723
25,2001,Canada,5
26,2001,Central African Rep.,28697
27,2001,Chad,46278
28,2001,Chile,836
29,2001,China,117401
30,2001,"China, Hong Kong SAR",5
31,2001,"China, Macao SAR",5
32,2001,Colombia,17937
33,2001,Comoros,25
34,2001,Congo,24239
35,2001,Costa Rica,86
36,2001,Cote d'Ivoire,856
37,2001,Croatia,290283
38,2001,Cuba,18955
39,2001,Cyprus,5
40,2001,Czechia,1177
41,2001,Dem. People's Rep. of Korea,17
42,2001,Dem. Rep. of the Congo,392144
43,2001,Denmark,5
44,2001,Djibouti,451
45,2001,Dominica,5
46,2001,Dominican Rep.,45
47,2001,Ecuador,649
48,2001,Egypt,4677
49,2001,El Salvador,7147
50,2001,Equatorial Guinea,526
51,2001,Eritrea,333216
52,2001,Estonia,483
53,2001,Eswatini,15
54,2001,Ethiopia,58982
55,2001,Fiji,731
56,2001,France,41
57,2001,Gabon,24
58,2001,Gambia,732
59,2001,Georgia,17487
60,2001,Germany,1028
61,2001,Ghana,14547
62,2001,Greece,93
63,2001,Grenada,53
64,2001,Guatemala,16868
65,2001,Guinea,2009
66,2001,Guinea-Bissau,917
67,2001,Guyana,36
68,2001,Haiti,7245
69,2001,Honduras,783
70,2001,Hungary,949
71,2001,India,11560
72,2001,Indonesia,8970
73,2001,Iran (Islamic Rep. of),92485
74,2001,Iraq,530504
75,2001,Ireland,5
76,2001,Israel,361
77,2001,Italy,36
78,2001,Jamaica,37
79,2001,Japan,5
80,2001,Jordan,768
81,2001,Kazakhstan,2803
82,2001,Kenya,2549
83,2001,Kuwait,695
84,2001,Kyrgyzstan,687
85,2001,Lao People's Dem. Rep.,12625
86,2001,Latvia,610
87,2001,Lebanon,8753
88,2001,Liberia,244600
89,2001,Libya,877
90,2001,Lithuania,210
91,2001,Madagascar,36
92,2001,Malawi,26
93,2001,Malaysia,77
94,2001,Mali,306
95,2001,Malta,7
96,2001,Mauritania,29848
97,2001,Mauritius,30
98,2001,Mexico,1592
99,2001,Mongolia,57
100,2001,Morocco,357
101,2001,Mozambique,45
102,2001,Myanmar,145848
103,2001,Namibia,2295
104,2001,Nepal,300
105,2001,Netherlands,5
106,2001,Nicaragua,4395
107,2001,Niger,478
108,2001,Nigeria,6067
109,2001,North Macedonia,12191
110,2001,Oman,5
111,2001,Pakistan,12326
112,2001,Palestinian,349152
113,2001,Panama,36
114,2001,Papua New Guinea,6
115,2001,Paraguay,6
116,2001,Peru,6500
117,2001,Philippines,45469
118,2001,Poland,3187
119,2001,Portugal,14
120,2001,Rep. of Korea,83
121,2001,Rep. of Moldova,3731
122,2001,Romania,6052
123,2001,Russian Federation,45156
124,2001,Rwanda,84509
125,2001,Saint Lucia,9
126,2001,Saint Vincent and the Grenadines,67
127,2001,Sao Tome and Principe,21
128,2001,Saudi Arabia,29
129,2001,Senegal,8554
130,2001,Serbia and Kosovo: S/RES/1244 (1999),144230
131,2001,Seychelles,14
132,2001,Sierra Leone,179093
133,2001,Singapore,15
134,2001,Slovakia,189
135,2001,Slovenia,762
136,2001,Solomon Islands,42
137,2001,Somalia,440115
138,2001,South Africa,131
139,2001,Spain,45
140,2001,Sri Lanka,122414
141,2001,Stateless,7157
142,2001,Sudan,489934
143,2001,Suriname,239
144,2001,Sweden,5
145,2001,Switzerland,60
146,2001,Syrian Arab Rep.,4861
147,2001,Tajikistan,56102
148,2001,Thailand,90
149,2001,Tibetan,20721
150,2001,Timor-Leste,73042
151,2001,Togo,4356
152,2001,Total,11009508
153,2001,Trinidad and Tobago,16
154,2001,Tunisia,1364
155,2001,Turkey,47086
156,2001,Turkmenistan,305
157,2001,Tuvalu,5
158,2001,Uganda,40131
159,2001,Ukraine,26714
160,2001,United Arab Emirates,18
161,2001,United Kingdom of Great Britain and Northern Ireland,104
162,2001,United Rep. of Tanzania,369
163,2001,United States of America,220
164,2001,Unknown ,1099534
165,2001,Uruguay,45
166,2001,Uzbekistan,3454
167,2001,Venezuela (Bolivarian Republic of),464
168,2001,Viet Nam,353209
169,2001,Western Sahara,165908
170,2001,Yemen,1976
171,2001,Zambia,52
172,2001,Zimbabwe,257
173,2002,Afghanistan,2510287
174,2002,Albania,10757
175,2002,Algeria,12088
176,2002,Andorra,9
177,2002,Angola,435413
178,2002,Antigua and Barbuda,5
179,2002,Argentina,764
180,2002,Armenia,13244
181,2002,Australia,9
182,2002,Austria,67
183,2002,Azerbaijan,260219
184,2002,Bahrain,49
185,2002,Bangladesh,5802
186,2002,Barbados,6
187,2002,Belarus,6366
188,2002,Belgium,21
189,2002,Benin,228
190,2002,Bhutan,112524
191,2002,Bolivia (Plurinational State of),215
192,2002,Bosnia and Herzegovina,406449
193,2002,Botswana,5
194,2002,Brazil,437
195,2002,Bulgaria,2843
196,2002,Burkina Faso,970
197,2002,Burundi,574544
198,2002,Cabo Verde,5
199,2002,Cambodia,33451
200,2002,Cameroon,5229
201,2002,Canada,52
202,2002,Central African Rep.,25367
203,2002,Chad,47340
204,2002,Chile,1705
205,2002,China,132100
206,2002,"China, Macao SAR",13
207,2002,Colombia,30624
208,2002,Comoros,40
209,2002,Congo,28004
210,2002,Costa Rica,97
211,2002,Cote d'Ivoire,23731
212,2002,Croatia,274822
213,2002,Cuba,18030
214,2002,Cyprus,5
215,2002,Czechia,6984
216,2002,Dem. People's Rep. of Korea,256
217,2002,Dem. Rep. of the Congo,421351
218,2002,Denmark,6
219,2002,Djibouti,470
220,2002,Dominica,6
221,2002,Dominican Rep.,82
222,2002,Ecuador,817
223,2002,Egypt,6441
224,2002,El Salvador,6626
225,2002,Equatorial Guinea,549
226,2002,Eritrea,318167
227,2002,Estonia,1058
228,2002,Eswatini,20
229,2002,Ethiopia,61234
230,2002,Fiji,1071
231,2002,Finland,8
232,2002,France,87
233,2002,Gabon,34
234,2002,Gambia,858
235,2002,Georgia,16970
236,2002,Germany,924
237,2002,Ghana,15674
238,2002,Greece,296
239,2002,Grenada,73
240,2002,Guatemala,13892
241,2002,Guinea,3415
242,2002,Guinea-Bissau,978
243,2002,Guyana,50
244,2002,Haiti,7721
245,2002,Honduras,675
246,2002,Hungary,3513
247,2002,Iceland,13
248,2002,India,14348
249,2002,Indonesia,9904
250,2002,Iran (Islamic Rep. of),138357
251,2002,Iraq,422501
252,2002,Ireland,5
253,2002,Israel,561
254,2002,Italy,223
255,2002,Jamaica,147
256,2002,Japan,14
257,2002,Jordan,1275
258,2002,Kazakhstan,6319
259,2002,Kenya,3086
260,2002,Kuwait,704
261,2002,Kyrgyzstan,2952
262,2002,Lao People's Dem. Rep.,11233
263,2002,Latvia,3080
264,2002,Lebanon,26315
265,2002,Lesotho,5
266,2002,Liberia,275413
267,2002,Libya,1443
268,2002,Lithuania,1365
269,2002,Madagascar,52
270,2002,Malawi,48
271,2002,Malaysia,117
272,2002,Mali,525
273,2002,Malta,7
274,2002,Mauritania,30129
275,2002,Mauritius,39
276,2002,Mexico,1668
277,2002,Mongolia,277
278,2002,Morocco,1266
279,2002,Mozambique,129
280,2002,Myanmar,148492
281,2002,Namibia,1298
282,2002,Nepal,899
283,2002,Netherlands,32
284,2002,Nicaragua,4046
285,2002,Niger,829
286,2002,Nigeria,24560
287,2002,North Macedonia,8104
288,2002,Norway,5
289,2002,Oman,19
290,2002,Pakistan,23163
291,2002,Palestinian,428777
292,2002,Panama,44
293,2002,Papua New Guinea,12
294,2002,Paraguay,26
295,2002,Peru,6435
296,2002,Philippines,45606
297,2002,Poland,16713
298,2002,Portugal,60
299,2002,Qatar,10
300,2002,Rep. of Korea,244
301,2002,Rep. of Moldova,10121
302,2002,Romania,8842
303,2002,Russian Federation,91620
304,2002,Rwanda,75256
305,2002,Saint Lucia,12
306,2002,Saint Vincent and the Grenadines,81
307,2002,San Marino,5
308,2002,Sao Tome and Principe,41
309,2002,Saudi Arabia,104
310,2002,Senegal,12068
311,2002,Serbia and Kosovo: S/RES/1244 (1999),327573
312,2002,Seychelles,43
313,2002,Sierra Leone,141471
314,2002,Singapore,40
315,2002,Slovakia,596
316,2002,Slovenia,853
317,2002,Solomon Islands,55
318,2002,Somalia,432295
319,2002,South Africa,271
320,2002,Spain,58
321,2002,Sri Lanka,133238
322,2002,Stateless,14475
323,2002,Sudan,508860
324,2002,Suriname,101
325,2002,Sweden,27
326,2002,Switzerland,55
327,2002,Syrian Arab Rep.,18908
328,2002,Tajikistan,63261
329,2002,Thailand,342
330,2002,Tibetan,20631
331,2002,Timor-Leste,28097
332,2002,Togo,10441
333,2002,Tonga,7
334,2002,Total,10289189
335,2002,Trinidad and Tobago,35
336,2002,Tunisia,2543
337,2002,Turkey,193697
338,2002,Turkmenistan,797
339,2002,Tuvalu,5
340,2002,Uganda,40414
341,2002,Ukraine,85259
342,2002,United Arab Emirates,29
343,2002,United Kingdom of Great Britain and Northern Ireland,158
344,2002,United Rep. of Tanzania,578
345,2002,United States of America,383
346,2002,Unknown ,289771
347,2002,Uruguay,60
348,2002,Uzbekistan,6880
349,2002,Venezuela (Bolivarian Republic of),525
350,2002,Viet Nam,373735
351,2002,Western Sahara,165883
352,2002,Yemen,1595
353,2002,Zambia,80
354,2002,Zimbabwe,4024
355,2003,Afghanistan,2136034
356,2003,Albania,10383
357,2003,Algeria,11647
358,2003,Andorra,7
359,2003,Angola,329571
360,2003,Antigua and Barbuda,5
361,2003,Argentina,777
362,2003,Armenia,13158
363,2003,Australia,12
364,2003,Austria,68
365,2003,Azerbaijan,253254
366,2003,Bahrain,50
367,2003,Bangladesh,5563
368,2003,Barbados,8
369,2003,Belarus,7817
370,2003,Belgium,40
371,2003,Belize,9
372,2003,Benin,274
373,2003,Bhutan,103978
374,2003,Bolivia (Plurinational State of),260
375,2003,Bosnia and Herzegovina,300011
376,2003,Botswana,5
377,2003,Brazil,377
378,2003,Bulgaria,2565
379,2003,Burkina Faso,854
380,2003,Burundi,531623
381,2003,Cabo Verde,7
382,2003,Cambodia,31404
383,2003,Cameroon,6212
384,2003,Canada,61
385,2003,Central African Rep.,35390
386,2003,Chad,52262
387,2003,Chile,1549
388,2003,China,132390
389,2003,"China, Hong Kong SAR",6
390,2003,"China, Macao SAR",13
391,2003,Colombia,37992
392,2003,Comoros,62
393,2003,Congo,28944
394,2003,Costa Rica,91
395,2003,Cote d'Ivoire,33629
396,2003,Croatia,230193
397,2003,Cuba,16084
398,2003,Cyprus,5
399,2003,Czechia,6699
400,2003,Dem. People's Rep. of Korea,306
401,2003,Dem. Rep. of the Congo,453465
402,2003,Denmark,10
403,2003,Djibouti,520
404,2003,Dominica,17
405,2003,Dominican Rep.,89
406,2003,Ecuador,721
407,2003,Egypt,5734
408,2003,El Salvador,5654
409,2003,Equatorial Guinea,584
410,2003,Eritrea,124111
411,2003,Estonia,1021
412,2003,Ethiopia,62673
413,2003,Fiji,1088
414,2003,Finland,6
415,2003,France,110
416,2003,Gabon,37
417,2003,Gambia,743
418,2003,Georgia,12488
419,2003,Germany,719
420,2003,Ghana,15867
421,2003,Greece,268
422,2003,Grenada,76
423,2003,Guatemala,6696
424,2003,Guinea,3868
425,2003,Guinea-Bissau,970
426,2003,Guyana,75
427,2003,Haiti,7548
428,2003,Honduras,606
429,2003,Hungary,3393
430,2003,Iceland,11
431,2003,India,13703
432,2003,Indonesia,16240
433,2003,Iran (Islamic Rep. of),122529
434,2003,Iraq,368577
435,2003,Ireland,6
436,2003,Israel,626
437,2003,Italy,203
438,2003,Jamaica,261
439,2003,Japan,17
440,2003,Jordan,1149
441,2003,Kazakhstan,6563
442,2003,Kenya,3161
443,2003,Kiribati,15
444,2003,Kuwait,615
445,2003,Kyrgyzstan,3142
446,2003,Lao People's Dem. Rep.,10359
447,2003,Latvia,3173
448,2003,Lebanon,24929
449,2003,Lesotho,5
450,2003,Liberia,353335
451,2003,Libya,1553
452,2003,Lithuania,1536
453,2003,Madagascar,86
454,2003,Malawi,60
455,2003,Malaysia,235
456,2003,Mali,451
457,2003,Malta,6
458,2003,Mauritania,30517
459,2003,Mauritius,54
460,2003,Mexico,1650
461,2003,Mongolia,325
462,2003,Morocco,1291
463,2003,Mozambique,106
464,2003,Myanmar,151369
465,2003,Namibia,1289
466,2003,Nauru,5
467,2003,Nepal,1232
468,2003,Netherlands,38
469,2003,Nicaragua,3985
470,2003,Niger,716
471,2003,Nigeria,24415
472,2003,North Macedonia,5981
473,2003,Norway,5
474,2003,Oman,5
475,2003,Pakistan,24391
476,2003,Palestinian,350567
477,2003,Panama,29
478,2003,Papua New Guinea,12
479,2003,Paraguay,34
480,2003,Peru,5578
481,2003,Philippines,409
482,2003,Poland,15212
483,2003,Portugal,54
484,2003,Qatar,14
485,2003,Rep. of Korea,236
486,2003,Rep. of Moldova,11142
487,2003,Romania,8383
488,2003,Russian Federation,96415
489,2003,Rwanda,75253
490,2003,Saint Lucia,16
491,2003,Saint Vincent and the Grenadines,105
492,2003,Sao Tome and Principe,41
493,2003,Saudi Arabia,232
494,2003,Senegal,8342
495,2003,Serbia and Kosovo: S/RES/1244 (1999),296620
496,2003,Seychelles,37
497,2003,Sierra Leone,70575
498,2003,Singapore,35
499,2003,Slovakia,668
500,2003,Slovenia,608
501,2003,Solomon Islands,61
502,2003,Somalia,402327
503,2003,South Africa,284
504,2003,Spain,51
505,2003,Sri Lanka,122006
506,2003,Stateless,13867
507,2003,Sudan,606235
508,2003,Suriname,67
509,2003,Sweden,35
510,2003,Switzerland,34
511,2003,Syrian Arab Rep.,20817
512,2003,Tajikistan,58929
513,2003,Thailand,295
514,2003,Tibetan,20038
515,2003,Timor-Leste,127
516,2003,Togo,10610
517,2003,Tonga,11
518,2003,Total,9258228
519,2003,Trinidad and Tobago,39
520,2003,Tunisia,2562
521,2003,Turkey,185087
522,2003,Turkmenistan,836
523,2003,Tuvalu,5
524,2003,Uganda,35241
525,2003,Ukraine,94144
526,2003,United Arab Emirates,16
527,2003,United Kingdom of Great Britain and Northern Ireland,146
528,2003,United Rep. of Tanzania,704
529,2003,United States of America,394
530,2003,Unknown ,320107
531,2003,Uruguay,59
532,2003,Uzbekistan,7391
533,2003,Venezuela (Bolivarian Republic of),598
534,2003,Viet Nam,363167
535,2003,Western Sahara,165729
536,2003,Yemen,1589
537,2003,Zambia,94
538,2003,Zimbabwe,7157
539,2004,Afghanistan,2414456
540,2004,Albania,10476
541,2004,Algeria,10650
542,2004,Angola,228842
543,2004,Antigua and Barbuda,13
544,2004,Argentina,789
545,2004,Armenia,13410
546,2004,Australia,11
547,2004,Austria,44
548,2004,Azerbaijan,250588
549,2004,Bahrain,52
550,2004,Bangladesh,5734
551,2004,Barbados,10
552,2004,Belarus,8222
553,2004,Belgium,41
554,2004,Belize,6
555,2004,Benin,299
556,2004,Bhutan,105260
557,2004,Bolivia (Plurinational State of),280
558,2004,Bosnia and Herzegovina,228811
559,2004,Botswana,5
560,2004,Brazil,401
561,2004,Bulgaria,2227
562,2004,Burkina Faso,577
563,2004,Burundi,485748
564,2004,Cabo Verde,5
565,2004,Cambodia,18110
566,2004,Cameroon,7632
567,2004,Canada,57
568,2004,Central African Rep.,31053
569,2004,Chad,52643
570,2004,Chile,1186
571,2004,China,134708
572,2004,"China, Hong Kong SAR",7
573,2004,"China, Macao SAR",18
574,2004,Colombia,47380
575,2004,Comoros,52
576,2004,Congo,28139
577,2004,Costa Rica,137
578,2004,Cote d'Ivoire,23646
579,2004,Croatia,215480
580,2004,Cuba,15661
581,2004,Czechia,4528
582,2004,Dem. People's Rep. of Korea,344
583,2004,Dem. Rep. of the Congo,462188
584,2004,Denmark,10
585,2004,Djibouti,492
586,2004,Dominica,24
587,2004,Dominican Rep.,94
588,2004,Ecuador,719
589,2004,Egypt,5362
590,2004,El Salvador,4494
591,2004,Equatorial Guinea,540
592,2004,Eritrea,131106
593,2004,Estonia,850
594,2004,Eswatini,6
595,2004,Ethiopia,63151
596,2004,Fiji,1280
597,2004,France,107
598,2004,Gabon,50
599,2004,Gambia,684
600,2004,Georgia,6620
601,2004,Germany,74
602,2004,Ghana,14760
603,2004,Greece,222
604,2004,Grenada,98
605,2004,Guatemala,4375
606,2004,Guinea,4777
607,2004,Guinea-Bissau,1010
608,2004,Guyana,192
609,2004,Haiti,9207
610,2004,Honduras,485
611,2004,Hungary,2746
612,2004,Iceland,8
613,2004,India,13334
614,2004,Indonesia,27919
615,2004,Iran (Islamic Rep. of),115168
616,2004,Iraq,311883
617,2004,Ireland,5
618,2004,Israel,670
619,2004,Italy,192
620,2004,Jamaica,350
621,2004,Japan,19
622,2004,Jordan,1158
623,2004,Kazakhstan,6125
624,2004,Kenya,3843
625,2004,Kiribati,31
626,2004,Kuwait,392
627,2004,Kyrgyzstan,3286
628,2004,Lao People's Dem. Rep.,16112
629,2004,Latvia,2822
630,2004,Lebanon,19854
631,2004,Lesotho,5
632,2004,Liberia,335458
633,2004,Libya,1697
634,2004,Lithuania,1470
635,2004,Madagascar,132
636,2004,Malawi,95
637,2004,Malaysia,287
638,2004,Mali,476
639,2004,Mauritania,31103
640,2004,Mauritius,15
641,2004,Mexico,1741
642,2004,Mongolia,444
643,2004,Morocco,1314
644,2004,Mozambique,94
645,2004,Myanmar,160997
646,2004,Namibia,1307
647,2004,Nepal,1414
648,2004,Netherlands,45
649,2004,Nicaragua,1824
650,2004,Niger,676
651,2004,Nigeria,23884
652,2004,North Macedonia,5107
653,2004,Norway,5
654,2004,Oman,16
655,2004,Pakistan,25943
656,2004,Palestinian,349828
657,2004,Panama,38
658,2004,Papua New Guinea,12
659,2004,Paraguay,35
660,2004,Peru,4767
661,2004,Philippines,428
662,2004,Poland,10683
663,2004,Portugal,43
664,2004,Qatar,10
665,2004,Rep. of Korea,269
666,2004,Rep. of Moldova,11935
667,2004,Romania,6043
668,2004,Russian Federation,108088
669,2004,Rwanda,63790
670,2004,Saint Lucia,32
671,2004,Saint Vincent and the Grenadines,181
672,2004,Sao Tome and Principe,36
673,2004,Saudi Arabia,212
674,2004,Senegal,8320
675,2004,Serbia and Kosovo: S/RES/1244 (1999),237012
676,2004,Seychelles,47
677,2004,Sierra Leone,41792
678,2004,Singapore,37
679,2004,Slovakia,618
680,2004,Slovenia,575
681,2004,Solomon Islands,61
682,2004,Somalia,389283
683,2004,South Africa,259
684,2004,Spain,53
685,2004,Sri Lanka,114053
686,2004,Stateless,13885
687,2004,Sudan,730630
688,2004,Suriname,47
689,2004,Sweden,30
690,2004,Switzerland,11
691,2004,Syrian Arab Rep.,21433
692,2004,Tajikistan,56771
693,2004,Thailand,321
694,2004,Tibetan,20038
695,2004,Timor-Leste,221
696,2004,Togo,10813
697,2004,Tonga,5
698,2004,Total,9207575
699,2004,Trinidad and Tobago,38
700,2004,Tunisia,2512
701,2004,Turkey,174572
702,2004,Turkmenistan,815
703,2004,Tuvalu,5
704,2004,Uganda,31954
705,2004,Ukraine,89583
706,2004,United Arab Emirates,70
707,2004,United Kingdom of Great Britain and Northern Ireland,141
708,2004,United Rep. of Tanzania,982
709,2004,United States of America,451
710,2004,Unknown ,351184
711,2004,Uruguay,77
712,2004,Uzbekistan,7289
713,2004,Venezuela (Bolivarian Republic of),1252
714,2004,Viet Nam,349789
715,2004,Western Sahara,165728
716,2004,Yemen,1599
717,2004,Zambia,120
718,2004,Zimbabwe,9557
719,2005,Afghanistan,2166135
720,2005,Albania,12717
721,2005,Algeria,12023
722,2005,Andorra,10
723,2005,Angola,215809
724,2005,Antigua and Barbuda,13
725,2005,Argentina,850
726,2005,Armenia,13965
727,2005,Australia,41
728,2005,Austria,62
729,2005,Azerbaijan,233681
730,2005,Bahrain,40
731,2005,Bangladesh,7304
732,2005,Barbados,8
733,2005,Belarus,8847
734,2005,Belgium,95
735,2005,Belize,5
736,2005,Benin,400
737,2005,Bhutan,106539
738,2005,Bolivia (Plurinational State of),263
739,2005,Bosnia and Herzegovina,109929
740,2005,Brazil,369
741,2005,Brunei Darussalam,47
742,2005,Bulgaria,4250
743,2005,Burkina Faso,604
744,2005,Burundi,438681
745,2005,Cambodia,17804
746,2005,Cameroon,9096
747,2005,Canada,120
748,2005,Central African Rep.,42866
749,2005,Chad,48387
750,2005,Chile,931
751,2005,China,124087
752,2005,"China, Macao SAR",8
753,2005,Colombia,60446
754,2005,Comoros,64
755,2005,Congo,24426
756,2005,Costa Rica,176
757,2005,Cote d'Ivoire,18333
758,2005,Croatia,119154
759,2005,Cuba,18994
760,2005,Cyprus,5
761,2005,Czechia,3587
762,2005,Dem. People's Rep. of Korea,287
763,2005,Dem. Rep. of the Congo,430922
764,2005,Denmark,10
765,2005,Djibouti,498
766,2005,Dominica,30
767,2005,Dominican Rep.,62
768,2005,Ecuador,772
769,2005,Egypt,6284
770,2005,El Salvador,4283
771,2005,Equatorial Guinea,478
772,2005,Eritrea,144063
773,2005,Estonia,738
774,2005,Eswatini,12
775,2005,Ethiopia,65440
776,2005,Fiji,1376
777,2005,Finland,5
778,2005,France,281
779,2005,Gabon,78
780,2005,Gambia,1680
781,2005,Georgia,7289
782,2005,Germany,75
783,2005,Ghana,18421
784,2005,Greece,333
785,2005,Grenada,151
786,2005,Guatemala,3376
787,2005,Guinea,5815
788,2005,Guinea-Bissau,1042
789,2005,Guyana,405
790,2005,Haiti,13538
791,2005,Honduras,536
792,2005,Hungary,3515
793,2005,Iceland,10
794,2005,India,16275
795,2005,Indonesia,34383
796,2005,Iran (Islamic Rep. of),99423
797,2005,Iraq,262296
798,2005,Ireland,23
799,2005,Israel,624
800,2005,Italy,214
801,2005,Jamaica,489
802,2005,Japan,10
803,2005,Jordan,1778
804,2005,Kazakhstan,4321
805,2005,Kenya,4638
806,2005,Kiribati,31
807,2005,Kuwait,374
808,2005,Kyrgyzstan,3127
809,2005,Lao People's Dem. Rep.,24440
810,2005,Latvia,2428
811,2005,Lebanon,18325
812,2005,Liberia,231124
813,2005,Libya,1556
814,2005,Lithuania,1440
815,2005,Madagascar,196
816,2005,Malawi,98
817,2005,Malaysia,388
818,2005,Maldives,10
819,2005,Mali,513
820,2005,Mauritania,31647
821,2005,Mauritius,22
822,2005,Mexico,2309
823,2005,Mongolia,655
824,2005,Morocco,2914
825,2005,Mozambique,93
826,2005,Myanmar,164852
827,2005,Namibia,1221
828,2005,Nepal,2061
829,2005,Netherlands,155
830,2005,New Zealand,5
831,2005,Nicaragua,1464
832,2005,Niger,641
833,2005,Nigeria,22118
834,2005,North Macedonia,8603
835,2005,Norway,12
836,2005,Oman,10
837,2005,Pakistan,29906
838,2005,Palestinian,349663
839,2005,Panama,41
840,2005,Papua New Guinea,20
841,2005,Paraguay,42
842,2005,Peru,4860
843,2005,Philippines,464
844,2005,Poland,19642
845,2005,Portugal,74
846,2005,Qatar,6
847,2005,Rep. of Korea,266
848,2005,Rep. of Moldova,12065
849,2005,Romania,11494
850,2005,Russian Federation,103037
851,2005,Rwanda,100253
852,2005,Saint Kitts and Nevis,31
853,2005,Saint Lucia,96
854,2005,Saint Vincent and the Grenadines,279
855,2005,Sao Tome and Principe,23
856,2005,Saudi Arabia,146
857,2005,Senegal,8657
858,2005,Serbia and Kosovo: S/RES/1244 (1999),189988
859,2005,Seychelles,39
860,2005,Sierra Leone,40477
861,2005,Singapore,35
862,2005,Slovakia,787
863,2005,Slovenia,154
864,2005,Solomon Islands,27
865,2005,Somalia,395538
866,2005,South Africa,259
867,2005,Spain,49
868,2005,Sri Lanka,108131
869,2005,Stateless,12281
870,2005,Sudan,693614
871,2005,Suriname,26
872,2005,Sweden,75
873,2005,Switzerland,14
874,2005,Syrian Arab Rep.,16388
875,2005,Tajikistan,54751
876,2005,Thailand,424
877,2005,Tibetan,20198
878,2005,Timor-Leste,251
879,2005,Togo,51092
880,2005,Total,8461670
881,2005,Trinidad and Tobago,61
882,2005,Tunisia,3120
883,2005,Turkey,170557
884,2005,Turkmenistan,818
885,2005,Uganda,34206
886,2005,Ukraine,84223
887,2005,United Arab Emirates,31
888,2005,United Kingdom of Great Britain and Northern Ireland,134
889,2005,United Rep. of Tanzania,1542
890,2005,United States of America,676
891,2005,Unknown ,187203
892,2005,Uruguay,107
893,2005,Uzbekistan,8320
894,2005,Venezuela (Bolivarian Republic of),2581
895,2005,Viet Nam,358266
896,2005,Western Sahara,90650
897,2005,Yemen,1322
898,2005,Zambia,146
899,2005,Zimbabwe,11246
900,2006,Afghanistan,2107509
901,2006,Albania,14079
902,2006,Algeria,8337
903,2006,Andorra,10
904,2006,Angola,206479
905,2006,Antigua and Barbuda,18
906,2006,Argentina,888
907,2006,Armenia,14908
908,2006,Australia,29
909,2006,Austria,30
910,2006,Azerbaijan,126062
911,2006,Bahamas,13
912,2006,Bahrain,56
913,2006,Bangladesh,7797
914,2006,Barbados,28
915,2006,Belarus,9368
916,2006,Belgium,64
917,2006,Belize,18
918,2006,Benin,209
919,2006,Bhutan,108070
920,2006,Bolivia (Plurinational State of),372
921,2006,Bosnia and Herzegovina,199946
922,2006,Botswana,10
923,2006,Brazil,704
924,2006,Bulgaria,3433
925,2006,Burkina Faso,375
926,2006,Burundi,396536
927,2006,Cabo Verde,35
928,2006,Cambodia,17964
929,2006,Cameroon,10376
930,2006,Canada,94
931,2006,Central African Rep.,71669
932,2006,Chad,36287
933,2006,Chile,799
934,2006,China,140589
935,2006,"China, Hong Kong SAR",9
936,2006,"China, Macao SAR",8
937,2006,Colombia,72788
938,2006,Comoros,78
939,2006,Congo,20599
940,2006,Costa Rica,284
941,2006,Cote d'Ivoire,26299
942,2006,Croatia,93766
943,2006,Cuba,33565
944,2006,Cyprus,5
945,2006,Czechia,2136
946,2006,Dem. People's Rep. of Korea,396
947,2006,Dem. Rep. of the Congo,401892
948,2006,Denmark,10
949,2006,Djibouti,479
950,2006,Dominica,49
951,2006,Dominican Rep.,141
952,2006,Ecuador,878
953,2006,Egypt,7605
954,2006,El Salvador,6391
955,2006,Equatorial Guinea,461
956,2006,Eritrea,193738
957,2006,Estonia,624
958,2006,Eswatini,16
959,2006,Ethiopia,73998
960,2006,Fiji,1687
961,2006,Finland,10
962,2006,France,80
963,2006,Gabon,96
964,2006,Gambia,1250
965,2006,Georgia,6341
966,2006,Germany,114
967,2006,Ghana,9949
968,2006,Greece,94
969,2006,Grenada,199
970,2006,Guatemala,6494
971,2006,Guinea,6831
972,2006,Guinea-Bissau,1000
973,2006,Guyana,536
974,2006,Haiti,20838
975,2006,Honduras,1036
976,2006,Hungary,3118
977,2006,Iceland,33
978,2006,India,17798
979,2006,Indonesia,34722
980,2006,Iran (Islamic Rep. of),102480
981,2006,Iraq,1450901
982,2006,Ireland,5
983,2006,Israel,876
984,2006,Italy,107
985,2006,Jamaica,662
986,2006,Japan,166
987,2006,Jordan,1592
988,2006,Kazakhstan,7376
989,2006,Kenya,5357
990,2006,Kiribati,39
991,2006,Kuwait,611
992,2006,Kyrgyzstan,2494
993,2006,Lao People's Dem. Rep.,26445
994,2006,Latvia,1424
995,2006,Lebanon,12249
996,2006,Lesotho,5
997,2006,Liberia,160537
998,2006,Libya,1558
999,2006,Lithuania,936
1000,2006,Madagascar,259
1001,2006,Malawi,112
1002,2006,Malaysia,576
1003,2006,Maldives,15
1004,2006,Mali,586
1005,2006,Malta,25
1006,2006,Mauritania,33418
1007,2006,Mauritius,76
1008,2006,Mexico,3301
1009,2006,Mongolia,866
1010,2006,Montenegro,136
1011,2006,Morocco,4699
1012,2006,Mozambique,217
1013,2006,Myanmar,202820
1014,2006,Namibia,1196
1015,2006,Nauru,5
1016,2006,Nepal,2652
1017,2006,Netherlands,41
1018,2006,New Zealand,7
1019,2006,Nicaragua,1826
1020,2006,Niger,805
1021,2006,Nigeria,13240
1022,2006,North Macedonia,7938
1023,2006,Oman,37
1024,2006,Pakistan,25636
1025,2006,Palestinian,334125
1026,2006,Panama,73
1027,2006,Papua New Guinea,27
1028,2006,Paraguay,103
1029,2006,Peru,6974
1030,2006,Philippines,888
1031,2006,Poland,13508
1032,2006,Portugal,25
1033,2006,Qatar,49
1034,2006,Rep. of Korea,1333
1035,2006,Rep. of Moldova,11680
1036,2006,Romania,7225
1037,2006,Russian Federation,159370
1038,2006,Rwanda,92956
1039,2006,Saint Lucia,163
1040,2006,Saint Vincent and the Grenadines,386
1041,2006,Samoa,5
1042,2006,Sao Tome and Principe,30
1043,2006,Saudi Arabia,609
1044,2006,Senegal,15151
1045,2006,Serbia and Kosovo: S/RES/1244 (1999),174022
1046,2006,Seychelles,62
1047,2006,Sierra Leone,42847
1048,2006,Singapore,109
1049,2006,Slovakia,741
1050,2006,Slovenia,1758
1051,2006,Solomon Islands,37
1052,2006,Somalia,464020
1053,2006,South Africa,502
1054,2006,Spain,2442
1055,2006,Sri Lanka,116949
1056,2006,Stateless,11258
1057,2006,Sudan,686291
1058,2006,Suriname,66
1059,2006,Sweden,16
1060,2006,Switzerland,38
1061,2006,Syrian Arab Rep.,12328
1062,2006,Tajikistan,648
1063,2006,Thailand,3325
1064,2006,Tibetan,20184
1065,2006,Timor-Leste,251
1066,2006,Togo,27319
1067,2006,Tonga,5
1068,2006,Total,9618659
1069,2006,Trinidad and Tobago,152
1070,2006,Tunisia,2835
1071,2006,Turkey,227230
1072,2006,Turkmenistan,690
1073,2006,Tuvalu,5
1074,2006,Uganda,21734
1075,2006,Ukraine,63716
1076,2006,United Arab Emirates,261
1077,2006,United Kingdom of Great Britain and Northern Ireland,170
1078,2006,United Rep. of Tanzania,1665
1079,2006,United States of America,1353
1080,2006,Unknown ,246944
1081,2006,Uruguay,160
1082,2006,Uzbekistan,9090
1083,2006,Venezuela (Bolivarian Republic of),3821
1084,2006,Viet Nam,374276
1085,2006,Western Sahara,90612
1086,2006,Yemen,1364
1087,2006,Zambia,200
1088,2006,Zimbabwe,12774
1089,2007,Afghanistan,3057655
1090,2007,Albania,15336
1091,2007,Algeria,10601
1092,2007,Andorra,10
1093,2007,Angola,186133
1094,2007,Antigua and Barbuda,24
1095,2007,Argentina,1164
1096,2007,Armenia,15436
1097,2007,Australia,57
1098,2007,Austria,19
1099,2007,Azerbaijan,15924
1100,2007,Bahamas,14
1101,2007,Bahrain,65
1102,2007,Bangladesh,10237
1103,2007,Barbados,39
1104,2007,Belarus,4962
1105,2007,Belgium,54
1106,2007,Belize,13
1107,2007,Benin,265
1108,2007,Bhutan,110593
1109,2007,Bolivia (Plurinational State of),418
1110,2007,Bosnia and Herzegovina,78266
1111,2007,Botswana,16
1112,2007,Brazil,1624
1113,2007,Bulgaria,3307
1114,2007,Burkina Faso,557
1115,2007,Burundi,375724
1116,2007,Cabo Verde,28
1117,2007,Cambodia,17703
1118,2007,Cameroon,11499
1119,2007,Canada,530
1120,2007,Central African Rep.,98088
1121,2007,Chad,55694
1122,2007,Chile,967
1123,2007,China,149091
1124,2007,"China, Hong Kong SAR",10
1125,2007,"China, Macao SAR",8
1126,2007,Colombia,551743
1127,2007,Comoros,94
1128,2007,Congo,19729
1129,2007,Costa Rica,361
1130,2007,Cote d'Ivoire,22225
1131,2007,Croatia,100425
1132,2007,Cuba,7493
1133,2007,Cyprus,10
1134,2007,Czechia,1377
1135,2007,Dem. People's Rep. of Korea,601
1136,2007,Dem. Rep. of the Congo,370362
1137,2007,Denmark,15
1138,2007,Djibouti,645
1139,2007,Dominica,58
1140,2007,Dominican Rep.,347
1141,2007,Ecuador,1329
1142,2007,Egypt,6790
1143,2007,El Salvador,6026
1144,2007,Equatorial Guinea,403
1145,2007,Eritrea,208748
1146,2007,Estonia,258
1147,2007,Eswatini,21
1148,2007,Ethiopia,59835
1149,2007,Fiji,1824
1150,2007,Finland,5
1151,2007,France,99
1152,2007,Gabon,117
1153,2007,Gambia,1257
1154,2007,Georgia,11808
1155,2007,Germany,126
1156,2007,Ghana,5043
1157,2007,Greece,93
1158,2007,Grenada,293
1159,2007,Guatemala,6158
1160,2007,Guinea,8270
1161,2007,Guinea-Bissau,1018
1162,2007,Guyana,676
1163,2007,Haiti,22275
1164,2007,Honduras,1237
1165,2007,Hungary,3382
1166,2007,Iceland,10
1167,2007,India,20456
1168,2007,Indonesia,20550
1169,2007,Iran (Islamic Rep. of),68394
1170,2007,Iraq,2309248
1171,2007,Ireland,9
1172,2007,Israel,1540
1173,2007,Italy,85
1174,2007,Jamaica,767
1175,2007,Japan,519
1176,2007,Jordan,1778
1177,2007,Kazakhstan,5232
1178,2007,Kenya,7544
1179,2007,Kiribati,36
1180,2007,Kuwait,742
1181,2007,Kyrgyzstan,2257
1182,2007,Lao People's Dem. Rep.,10012
1183,2007,Latvia,661
1184,2007,Lebanon,13090
1185,2007,Lesotho,5
1186,2007,Liberia,91535
1187,2007,Libya,1939
1188,2007,Lithuania,461
1189,2007,Madagascar,282
1190,2007,Malawi,93
1191,2007,Malaysia,612
1192,2007,Maldives,15
1193,2007,Mali,4490
1194,2007,Malta,10
1195,2007,Mauritania,33092
1196,2007,Mauritius,67
1197,2007,Mexico,5569
1198,2007,Mongolia,1103
1199,2007,Montenegro,555
1200,2007,Morocco,4034
1201,2007,Mozambique,213
1202,2007,Myanmar,191308
1203,2007,Namibia,1123
1204,2007,Nauru,5
1205,2007,Nepal,3366
1206,2007,Netherlands,44
1207,2007,New Zealand,12
1208,2007,Nicaragua,1900
1209,2007,Niger,815
1210,2007,Nigeria,13891
1211,2007,North Macedonia,8073
1212,2007,Oman,44
1213,2007,Pakistan,31847
1214,2007,Palestinian,341227
1215,2007,Panama,105
1216,2007,Papua New Guinea,33
1217,2007,Paraguay,99
1218,2007,Peru,7735
1219,2007,Philippines,1551
1220,2007,Poland,2911
1221,2007,Portugal,28
1222,2007,Qatar,58
1223,2007,Rep. of Korea,1183
1224,2007,Rep. of Moldova,4915
1225,2007,Romania,5298
1226,2007,Russian Federation,93210
1227,2007,Rwanda,80954
1228,2007,Saint Lucia,227
1229,2007,Saint Vincent and the Grenadines,644
1230,2007,Sao Tome and Principe,32
1231,2007,Saudi Arabia,738
1232,2007,Senegal,15882
1233,2007,Serbia and Kosovo: S/RES/1244 (1999),165629
1234,2007,Seychelles,54
1235,2007,Sierra Leone,32110
1236,2007,Singapore,118
1237,2007,Slovakia,346
1238,2007,Slovenia,48
1239,2007,Solomon Islands,47
1240,2007,Somalia,457342
1241,2007,South Africa,474
1242,2007,Spain,37
1243,2007,Sri Lanka,134940
1244,2007,Stateless,13166
1245,2007,Sudan,523024
1246,2007,Suriname,63
1247,2007,Sweden,17
1248,2007,Switzerland,33
1249,2007,Syrian Arab Rep.,13682
1250,2007,Tajikistan,888
1251,2007,Thailand,2322
1252,2007,Tibetan,20170
1253,2007,Timor-Leste,6
1254,2007,Togo,22481
1255,2007,Total,11182810
1256,2007,Trinidad and Tobago,210
1257,2007,Tunisia,2491
1258,2007,Turkey,221933
1259,2007,Turkmenistan,669
1260,2007,Uganda,21328
1261,2007,Ukraine,25979
1262,2007,United Arab Emirates,305
1263,2007,United Kingdom of Great Britain and Northern Ireland,198
1264,2007,United Rep. of Tanzania,1246
1265,2007,United States of America,2164
1266,2007,Unknown ,194063
1267,2007,Uruguay,194
1268,2007,Uzbekistan,5658
1269,2007,Venezuela (Bolivarian Republic of),5089
1270,2007,Viet Nam,327768
1271,2007,Western Sahara,116594
1272,2007,Yemen,1622
1273,2007,Zambia,193
1274,2007,Zimbabwe,14368
1275,2008,Afghanistan,2833110
1276,2008,Albania,15008
1277,2008,Algeria,9042
1278,2008,Andorra,5
1279,2008,Angola,171369
1280,2008,Antigua and Barbuda,25
1281,2008,Argentina,1039
1282,2008,Armenia,16328
1283,2008,Australia,37
1284,2008,Austria,10
1285,2008,Azerbaijan,16323
1286,2008,Bahamas,11
1287,2008,Bahrain,73
1288,2008,Bangladesh,10098
1289,2008,Barbados,33
1290,2008,Belarus,5374
1291,2008,Belgium,59
1292,2008,Belize,18
1293,2008,Benin,316
1294,2008,Bhutan,104961
1295,2008,Bolivia (Plurinational State of),450
1296,2008,Bosnia and Herzegovina,74356
1297,2008,Botswana,29
1298,2008,Brazil,1401
1299,2008,Bulgaria,3037
1300,2008,Burkina Faso,722
1301,2008,Burundi,281580
1302,2008,Cabo Verde,27
1303,2008,Cambodia,17252
1304,2008,Cameroon,13857
1305,2008,Canada,100
1306,2008,Central African Rep.,125086
1307,2008,Chad,55086
1308,2008,Chile,991
1309,2008,China,175170
1310,2008,"China, Hong Kong SAR",10
1311,2008,"China, Macao SAR",8
1312,2008,Colombia,373527
1313,2008,Comoros,376
1314,2008,Congo,19919
1315,2008,Costa Rica,354
1316,2008,Cote d'Ivoire,22225
1317,2008,Croatia,97017
1318,2008,Cuba,7923
1319,2008,Cyprus,10
1320,2008,Czechia,1354
1321,2008,Dem. People's Rep. of Korea,881
1322,2008,Dem. Rep. of the Congo,367982
1323,2008,Denmark,10
1324,2008,Djibouti,639
1325,2008,Dominica,56
1326,2008,Dominican Rep.,314
1327,2008,Ecuador,1065
1328,2008,Egypt,6776
1329,2008,El Salvador,5155
1330,2008,Equatorial Guinea,381
1331,2008,Eritrea,186376
1332,2008,Estonia,248
1333,2008,Eswatini,28
1334,2008,Ethiopia,63846
1335,2008,Fiji,1863
1336,2008,France,98
1337,2008,Gabon,132
1338,2008,Gambia,1338
1339,2008,Georgia,12601
1340,2008,Germany,163
1341,2008,Ghana,13225
1342,2008,Greece,67
1343,2008,Grenada,310
1344,2008,Guatemala,5927
1345,2008,Guinea,9475
1346,2008,Guinea-Bissau,1053
1347,2008,Guyana,707
1348,2008,Haiti,23060
1349,2008,Honduras,1117
1350,2008,Hungary,1611
1351,2008,Iceland,10
1352,2008,India,19552
1353,2008,Indonesia,19338
1354,2008,Iran (Islamic Rep. of),69046
1355,2008,Iraq,1903505
1356,2008,Ireland,7
1357,2008,Israel,1487
1358,2008,Italy,58
1359,2008,Jamaica,826
1360,2008,Japan,183
1361,2008,Jordan,1883
1362,2008,Kazakhstan,4825
1363,2008,Kenya,9677
1364,2008,Kiribati,36
1365,2008,Kuwait,847
1366,2008,Kyrgyzstan,2526
1367,2008,Lao People's Dem. Rep.,8595
1368,2008,Latvia,765
1369,2008,Lebanon,12966
1370,2008,Lesotho,5
1371,2008,Liberia,75214
1372,2008,Libya,2068
1373,2008,Lithuania,487
1374,2008,Madagascar,273
1375,2008,Malawi,104
1376,2008,Malaysia,602
1377,2008,Maldives,15
1378,2008,Mali,1751
1379,2008,Malta,10
1380,2008,Mauritania,45589
1381,2008,Mauritius,25
1382,2008,Mexico,6160
1383,2008,Mongolia,1330
1384,2008,Montenegro,1280
1385,2008,Morocco,3520
1386,2008,Mozambique,198
1387,2008,Myanmar,184408
1388,2008,Namibia,981
1389,2008,Nauru,5
1390,2008,Nepal,4191
1391,2008,Netherlands,46
1392,2008,New Zealand,8
1393,2008,Nicaragua,1535
1394,2008,Niger,792
1395,2008,Nigeria,14171
1396,2008,North Macedonia,7514
1397,2008,Oman,55
1398,2008,Pakistan,32392
1399,2008,Palestinian,339993
1400,2008,Panama,107
1401,2008,Papua New Guinea,44
1402,2008,Paraguay,97
1403,2008,Peru,7328
1404,2008,Philippines,1349
1405,2008,Poland,2385
1406,2008,Portugal,35
1407,2008,Qatar,69
1408,2008,Rep. of Korea,1099
1409,2008,Rep. of Moldova,5554
1410,2008,Romania,4746
1411,2008,Russian Federation,103053
1412,2008,Rwanda,72533
1413,2008,Saint Lucia,288
1414,2008,Saint Vincent and the Grenadines,748
1415,2008,Samoa,5
1416,2008,Sao Tome and Principe,32
1417,2008,Saudi Arabia,700
1418,2008,Senegal,16008
1419,2008,Serbia and Kosovo: S/RES/1244 (1999),185926
1420,2008,Seychelles,52
1421,2008,Sierra Leone,32519
1422,2008,Singapore,106
1423,2008,Slovakia,334
1424,2008,Slovenia,50
1425,2008,Solomon Islands,51
1426,2008,Somalia,561141
1427,2008,South Africa,449
1428,2008,Spain,26
1429,2008,Sri Lanka,137743
1430,2008,Stateless,14165
1431,2008,Sudan,419247
1432,2008,Suriname,50
1433,2008,Sweden,16
1434,2008,Switzerland,32
1435,2008,Syrian Arab Rep.,15204
1436,2008,Tajikistan,536
1437,2008,Thailand,1811
1438,2008,Tibetan,20080
1439,2008,Timor-Leste,7
1440,2008,Togo,16734
1441,2008,Tonga,5
1442,2008,Total,10283978
1443,2008,Trinidad and Tobago,229
1444,2008,Tunisia,2335
1445,2008,Turkey,214368
1446,2008,Turkmenistan,730
1447,2008,Uganda,7528
1448,2008,Ukraine,28417
1449,2008,United Arab Emirates,255
1450,2008,United Kingdom of Great Britain and Northern Ireland,182
1451,2008,United Rep. of Tanzania,1262
1452,2008,United States of America,2126
1453,2008,Unknown ,190688
1454,2008,Uruguay,194
1455,2008,Uzbekistan,6302
1456,2008,Venezuela (Bolivarian Republic of),5801
1457,2008,Viet Nam,328174
1458,2008,Western Sahara,116529
1459,2008,Yemen,1766
1460,2008,Zambia,192
1461,2008,Zimbabwe,16825
1462,2009,Afghanistan,2887100
1463,2009,Albania,15709
1464,2009,Algeria,8167
1465,2009,Andorra,5
1466,2009,Angola,141000
1467,2009,Antigua and Barbuda,27
1468,2009,Argentina,604
1469,2009,Armenia,17994
1470,2009,Australia,23
1471,2009,Austria,15
1472,2009,Azerbaijan,16956
1473,2009,Bahamas,13
1474,2009,Bahrain,73
1475,2009,Bangladesh,10428
1476,2009,Barbados,28
1477,2009,Belarus,5519
1478,2009,Belgium,67
1479,2009,Belize,16
1480,2009,Benin,409
1481,2009,Bhutan,89065
1482,2009,Bolivia (Plurinational State of),570
1483,2009,Bosnia and Herzegovina,70005
1484,2009,Botswana,32
1485,2009,Brazil,974
1486,2009,Bulgaria,2743
1487,2009,Burkina Faso,983
1488,2009,Burundi,94227
1489,2009,Cabo Verde,22
1490,2009,Cambodia,17023
1491,2009,Cameroon,14754
1492,2009,Canada,98
1493,2009,Central African Rep.,159532
1494,2009,Chad,55000
1495,2009,Chile,1304
1496,2009,China,180550
1497,2009,"China, Hong Kong SAR",11
1498,2009,"China, Macao SAR",8
1499,2009,Colombia,389754
1500,2009,Comoros,268
1501,2009,Congo,20541
1502,2009,Costa Rica,344
1503,2009,Cote d'Ivoire,23146
1504,2009,Croatia,76480
1505,2009,Cuba,7532
1506,2009,Cyprus,10
1507,2009,Czechia,1060
1508,2009,Dem. People's Rep. of Korea,878
1509,2009,Dem. Rep. of the Congo,455839
1510,2009,Denmark,10
1511,2009,Djibouti,613
1512,2009,Dominica,51
1513,2009,Dominican Rep.,222
1514,2009,Ecuador,1030
1515,2009,Egypt,6982
1516,2009,El Salvador,5054
1517,2009,Equatorial Guinea,342
1518,2009,Eritrea,209161
1519,2009,Estonia,249
1520,2009,Eswatini,28
1521,2009,Ethiopia,62866
1522,2009,Fiji,1888
1523,2009,Finland,6
1524,2009,France,81
1525,2009,Gabon,145
1526,2009,Gambia,1966
1527,2009,Georgia,15020
1528,2009,Germany,168
1529,2009,Ghana,14871
1530,2009,Greece,62
1531,2009,Grenada,333
1532,2009,Guatemala,5763
1533,2009,Guinea,10910
1534,2009,Guinea-Bissau,1100
1535,2009,Guyana,724
1536,2009,Haiti,24106
1537,2009,Honduras,1166
1538,2009,Hungary,1538
1539,2009,Iceland,5
1540,2009,India,19497
1541,2009,Indonesia,18207
1542,2009,Iran (Islamic Rep. of),72753
1543,2009,Iraq,1785195
1544,2009,Ireland,7
1545,2009,Israel,1299
1546,2009,Italy,43
1547,2009,Jamaica,908
1548,2009,Japan,148
1549,2009,Jordan,2112
1550,2009,Kazakhstan,3741
1551,2009,Kenya,9604
1552,2009,Kiribati,31
1553,2009,Kuwait,936
1554,2009,Kyrgyzstan,2612
1555,2009,Lao People's Dem. Rep.,8397
1556,2009,Latvia,788
1557,2009,Lebanon,16250
1558,2009,Lesotho,5
1559,2009,Liberia,71594
1560,2009,Libya,2190
1561,2009,Lithuania,496
1562,2009,Madagascar,271
1563,2009,Malawi,126
1564,2009,Malaysia,531
1565,2009,Maldives,15
1566,2009,Mali,2927
1567,2009,Malta,10
1568,2009,Mauritania,39130
1569,2009,Mauritius,21
1570,2009,Mexico,6433
1571,2009,Mongolia,1491
1572,2009,Montenegro,2578
1573,2009,Morocco,2276
1574,2009,Mozambique,130
1575,2009,Myanmar,406664
1576,2009,Namibia,918
1577,2009,Nepal,5101
1578,2009,Netherlands,44
1579,2009,New Zealand,9
1580,2009,Nicaragua,1475
1581,2009,Niger,813
1582,2009,Nigeria,15610
1583,2009,North Macedonia,7917
1584,2009,Oman,63
1585,2009,Pakistan,35129
1586,2009,Palestinian,95185
1587,2009,Panama,103
1588,2009,Papua New Guinea,68
1589,2009,Paraguay,77
1590,2009,Peru,6270
1591,2009,Philippines,988
1592,2009,Poland,2053
1593,2009,Portugal,30
1594,2009,Qatar,66
1595,2009,Rep. of Korea,568
1596,2009,Rep. of Moldova,5929
1597,2009,Romania,4349
1598,2009,Russian Federation,109450
1599,2009,Rwanda,129108
1600,2009,Saint Lucia,312
1601,2009,Saint Vincent and the Grenadines,847
1602,2009,Sao Tome and Principe,32
1603,2009,Saudi Arabia,629
1604,2009,Senegal,16306
1605,2009,Serbia and Kosovo: S/RES/1244 (1999),195621
1606,2009,Seychelles,47
1607,2009,Sierra Leone,15396
1608,2009,Singapore,77
1609,2009,Slovakia,336
1610,2009,Slovenia,36
1611,2009,Solomon Islands,65
1612,2009,Somalia,678281
1613,2009,South Africa,380
1614,2009,Spain,34
1615,2009,Sri Lanka,145712
1616,2009,Stateless,15868
1617,2009,Sudan,368163
1618,2009,Suriname,44
1619,2009,Sweden,15
1620,2009,Switzerland,19
1621,2009,Syrian Arab Rep.,17914
1622,2009,Tajikistan,552
1623,2009,Thailand,498
1624,2009,Tibetan,20080
1625,2009,Timor-Leste,7
1626,2009,Togo,18363
1627,2009,Tonga,5
1628,2009,Total,10193055
1629,2009,Trinidad and Tobago,240
1630,2009,Tunisia,2238
1631,2009,Turkey,146380
1632,2009,Turkmenistan,734
1633,2009,Uganda,7541
1634,2009,Ukraine,24513
1635,2009,United Arab Emirates,412
1636,2009,United Kingdom of Great Britain and Northern Ireland,155
1637,2009,United Rep. of Tanzania,1190
1638,2009,United States of America,2367
1639,2009,Unknown ,186680
1640,2009,Uruguay,183
1641,2009,Uzbekistan,6671
1642,2009,Venezuela (Bolivarian Republic of),6217
1643,2009,Viet Nam,339297
1644,2009,Western Sahara,116473
1645,2009,Yemen,1928
1646,2009,Zambia,202
1647,2009,Zimbabwe,22438
1648,2010,Afghanistan,3054710
1649,2010,Albania,14772
1650,2010,Algeria,6663
1651,2010,Andorra,5
1652,2010,Angola,134844
1653,2010,Antigua and Barbuda,28
1654,2010,Argentina,552
1655,2010,Armenia,17539
1656,2010,Australia,38
1657,2010,Austria,10
1658,2010,Azerbaijan,16760
1659,2010,Bahamas,18
1660,2010,Bahrain,81
1661,2010,Bangladesh,10044
1662,2010,Barbados,29
1663,2010,Belarus,5734
1664,2010,Belgium,81
1665,2010,Belize,21
1666,2010,Benin,438
1667,2010,Bhutan,75062
1668,2010,Bolivia (Plurinational State of),588
1669,2010,Bosnia and Herzegovina,62988
1670,2010,Botswana,56
1671,2010,Brazil,992
1672,2010,Bulgaria,2558
1673,2010,Burkina Faso,1141
1674,2010,Burundi,84051
1675,2010,Cabo Verde,22
1676,2010,Cambodia,16308
1677,2010,Cameroon,14950
1678,2010,Canada,86
1679,2010,Central African Rep.,164880
1680,2010,Chad,53708
1681,2010,Chile,1163
1682,2010,China,184602
1683,2010,"China, Hong Kong SAR",17
1684,2010,"China, Macao SAR",8
1685,2010,Colombia,395581
1686,2010,Comoros,366
1687,2010,Congo,20677
1688,2010,Costa Rica,352
1689,2010,Cote d'Ivoire,41739
1690,2010,Croatia,65862
1691,2010,Cuba,7451
1692,2010,Cyprus,10
1693,2010,Czechia,812
1694,2010,Dem. People's Rep. of Korea,915
1695,2010,Dem. Rep. of the Congo,476671
1696,2010,Denmark,6
1697,2010,Djibouti,555
1698,2010,Dominica,51
1699,2010,Dominican Rep.,238
1700,2010,Ecuador,862
1701,2010,Egypt,6899
1702,2010,El Salvador,4979
1703,2010,Equatorial Guinea,307
1704,2010,Eritrea,222430
1705,2010,Estonia,242
1706,2010,Eswatini,32
1707,2010,Ethiopia,68820
1708,2010,Fiji,1849
1709,2010,Finland,6
1710,2010,France,90
1711,2010,Gabon,168
1712,2010,Gambia,2234
1713,2010,Georgia,10637
1714,2010,Germany,160
1715,2010,Ghana,20170
1716,2010,Greece,52
1717,2010,Grenada,345
1718,2010,Guatemala,5677
1719,2010,Guinea,11979
1720,2010,Guinea-Bissau,1118
1721,2010,Guyana,746
1722,2010,Haiti,25880
1723,2010,Honduras,1301
1724,2010,Hungary,1433
1725,2010,Iceland,5
1726,2010,India,17767
1727,2010,Indonesia,16883
1728,2010,Iran (Islamic Rep. of),68783
1729,2010,Iraq,1683565
1730,2010,Ireland,7
1731,2010,Israel,1290
1732,2010,Italy,46
1733,2010,Jamaica,1055
1734,2010,Japan,149
1735,2010,Jordan,2246
1736,2010,Kazakhstan,3632
1737,2010,Kenya,8584
1738,2010,Kiribati,31
1739,2010,Kuwait,981
1740,2010,Kyrgyzstan,2748
1741,2010,Lao People's Dem. Rep.,8412
1742,2010,Latvia,712
1743,2010,Lebanon,15863
1744,2010,Lesotho,5
1745,2010,Liberia,70128
1746,2010,Libya,2298
1747,2010,Lithuania,509
1748,2010,Madagascar,266
1749,2010,Malawi,168
1750,2010,Malaysia,550
1751,2010,Maldives,16
1752,2010,Mali,3654
1753,2010,Malta,5
1754,2010,Mauritania,37718
1755,2010,Mauritius,26
1756,2010,Mexico,6810
1757,2010,Mongolia,1720
1758,2010,Montenegro,3244
1759,2010,Morocco,2276
1760,2010,Mozambique,120
1761,2010,Myanmar,415658
1762,2010,Namibia,1013
1763,2010,Nepal,5883
1764,2010,Netherlands,52
1765,2010,New Zealand,11
1766,2010,Nicaragua,1427
1767,2010,Niger,789
1768,2010,Nigeria,15642
1769,2010,North Macedonia,7881
1770,2010,Oman,62
1771,2010,Pakistan,39977
1772,2010,Palestinian,93306
1773,2010,Panama,94
1774,2010,Papua New Guinea,87
1775,2010,Paraguay,85
1776,2010,Peru,5834
1777,2010,Philippines,965
1778,2010,Poland,1758
1779,2010,Portugal,29
1780,2010,Qatar,110
1781,2010,Rep. of Korea,579
1782,2010,Rep. of Moldova,6204
1783,2010,Romania,3925
1784,2010,Russian Federation,111944
1785,2010,Rwanda,115515
1786,2010,Saint Kitts and Nevis,10
1787,2010,Saint Lucia,334
1788,2010,Saint Vincent and the Grenadines,946
1789,2010,Sao Tome and Principe,32
1790,2010,Saudi Arabia,659
1791,2010,Senegal,16255
1792,2010,Serbia and Kosovo: S/RES/1244 (1999),183281
1793,2010,Seychelles,47
1794,2010,Sierra Leone,11256
1795,2010,Singapore,74
1796,2010,Slovakia,158
1797,2010,Slovenia,35
1798,2010,Solomon Islands,75
1799,2010,Somalia,770132
1800,2010,South Africa,369
1801,2010,Spain,41
1802,2010,Sri Lanka,141061
1803,2010,Stateless,16900
1804,2010,Sudan,387262
1805,2010,Suriname,24
1806,2010,Sweden,24
1807,2010,Switzerland,20
1808,2010,Syrian Arab Rep.,18445
1809,2010,Tajikistan,570
1810,2010,Thailand,352
1811,2010,Tibetan,15081
1812,2010,Timor-Leste,8
1813,2010,Togo,18307
1814,2010,Tonga,5
1815,2010,Total,10364573
1816,2010,Trinidad and Tobago,253
1817,2010,Tunisia,2152
1818,2010,Turkey,146785
1819,2010,Turkmenistan,724
1820,2010,Uganda,6414
1821,2010,Ukraine,25102
1822,2010,United Arab Emirates,418
1823,2010,United Kingdom of Great Britain and Northern Ireland,152
1824,2010,United Rep. of Tanzania,1130
1825,2010,United States of America,3019
1826,2010,Unknown ,167114
1827,2010,Uruguay,185
1828,2010,Uzbekistan,8845
1829,2010,Venezuela (Bolivarian Republic of),6697
1830,2010,Viet Nam,338700
1831,2010,Western Sahara,116411
1832,2010,Yemen,2071
1833,2010,Zambia,221
1834,2010,Zimbabwe,24080
1835,2011,Afghanistan,2664403
1836,2011,Albania,13552
1837,2011,Algeria,6088
1838,2011,Andorra,5
1839,2011,Angola,128643
1840,2011,Antigua and Barbuda,32
1841,2011,Argentina,504
1842,2011,Armenia,16481
1843,2011,Australia,38
1844,2011,Austria,10
1845,2011,Azerbaijan,16172
1846,2011,Bahamas,184
1847,2011,Bahrain,213
1848,2011,Bangladesh,10046
1849,2011,Barbados,44
1850,2011,Belarus,5914
1851,2011,Belgium,87
1852,2011,Belize,29
1853,2011,Benin,461
1854,2011,Bhutan,57980
1855,2011,Bolivia (Plurinational State of),607
1856,2011,Bosnia and Herzegovina,58563
1857,2011,Botswana,88
1858,2011,Brazil,1040
1859,2011,Bulgaria,2322
1860,2011,Burkina Faso,1262
1861,2011,Burundi,101275
1862,2011,Cabo Verde,22
1863,2011,Cambodia,15201
1864,2011,Cameroon,15146
1865,2011,Canada,108
1866,2011,Central African Rep.,162835
1867,2011,Chad,42613
1868,2011,Chile,1179
1869,2011,China,190362
1870,2011,"China, Hong Kong SAR",13
1871,2011,"China, Macao SAR",8
1872,2011,Colombia,395950
1873,2011,Comoros,420
1874,2011,Congo,12831
1875,2011,Costa Rica,332
1876,2011,Cote d'Ivoire,154800
1877,2011,Croatia,62652
1878,2011,Cuba,7836
1879,2011,Cyprus,10
1880,2011,Czechia,757
1881,2011,Dem. People's Rep. of Korea,1046
1882,2011,Dem. Rep. of the Congo,491454
1883,2011,Denmark,6
1884,2011,Djibouti,594
1885,2011,Dominica,47
1886,2011,Dominican Rep.,239
1887,2011,Ecuador,914
1888,2011,Egypt,7923
1889,2011,El Salvador,6725
1890,2011,Equatorial Guinea,262
1891,2011,Eritrea,251942
1892,2011,Estonia,225
1893,2011,Eswatini,39
1894,2011,Ethiopia,70582
1895,2011,Fiji,1576
1896,2011,Finland,6
1897,2011,France,92
1898,2011,Gabon,177
1899,2011,Gambia,2572
1900,2011,Georgia,10116
1901,2011,Germany,169
1902,2011,Ghana,20334
1903,2011,Greece,55
1904,2011,Grenada,325
1905,2011,Guatemala,6087
1906,2011,Guinea,13158
1907,2011,Guinea-Bissau,1120
1908,2011,Guyana,768
1909,2011,Haiti,33645
1910,2011,Honduras,1967
1911,2011,Hungary,1232
1912,2011,India,16224
1913,2011,Indonesia,16068
1914,2011,Iran (Islamic Rep. of),72361
1915,2011,Iraq,1428289
1916,2011,Ireland,6
1917,2011,Israel,1323
1918,2011,Italy,55
1919,2011,Jamaica,1248
1920,2011,Japan,177
1921,2011,Jordan,2236
1922,2011,Kazakhstan,3494
1923,2011,Kenya,8729
1924,2011,Kiribati,31
1925,2011,Kuwait,1111
1926,2011,Kyrgyzstan,3163
1927,2011,Lao People's Dem. Rep.,8086
1928,2011,Latvia,706
1929,2011,Lebanon,15004
1930,2011,Lesotho,5
1931,2011,Liberia,66777
1932,2011,Libya,4374
1933,2011,Lithuania,523
1934,2011,Madagascar,288
1935,2011,Malawi,216
1936,2011,Malaysia,531
1937,2011,Maldives,21
1938,2011,Mali,4284
1939,2011,Malta,5
1940,2011,Mauritania,39914
1941,2011,Mauritius,36
1942,2011,Mexico,7471
1943,2011,Monaco,5
1944,2011,Mongolia,1982
1945,2011,Montenegro,3699
1946,2011,Morocco,2298
1947,2011,Mozambique,147
1948,2011,Myanmar,414603
1949,2011,Namibia,1067
1950,2011,Nepal,6848
1951,2011,Netherlands,61
1952,2011,New Zealand,13
1953,2011,Nicaragua,1464
1954,2011,Niger,805
1955,2011,Nigeria,17134
1956,2011,Niue,7
1957,2011,North Macedonia,7677
1958,2011,Norway,5
1959,2011,Oman,58
1960,2011,Pakistan,35941
1961,2011,Palestinian,94129
1962,2011,Panama,98
1963,2011,Papua New Guinea,126
1964,2011,Paraguay,90
1965,2011,Peru,5486
1966,2011,Philippines,946
1967,2011,Poland,1811
1968,2011,Portugal,28
1969,2011,Qatar,93
1970,2011,Rep. of Korea,508
1971,2011,Rep. of Moldova,6261
1972,2011,Romania,3421
1973,2011,Russian Federation,109780
1974,2011,Rwanda,106828
1975,2011,Saint Kitts and Nevis,7
1976,2011,Saint Lucia,432
1977,2011,Saint Vincent and the Grenadines,1126
1978,2011,Sao Tome and Principe,32
1979,2011,Saudi Arabia,733
1980,2011,Senegal,17710
1981,2011,Serbia and Kosovo: S/RES/1244 (1999),161660
1982,2011,Seychelles,39
1983,2011,Sierra Leone,7981
1984,2011,Singapore,66
1985,2011,Slovakia,271
1986,2011,Slovenia,29
1987,2011,Solomon Islands,72
1988,2011,Somalia,1077008
1989,2011,South Africa,412
1990,2011,Spain,44
1991,2011,Sri Lanka,136601
1992,2011,Stateless,18162
1993,2011,Sudan,500002
1994,2011,Suriname,22
1995,2011,Sweden,22
1996,2011,Switzerland,20
1997,2011,Syrian Arab Rep.,19924
1998,2011,Tajikistan,601
1999,2011,Thailand,365
2000,2011,Tibetan,15065
2001,2011,Timor-Leste,8
2002,2011,Togo,17853
2003,2011,Tonga,7
2004,2011,Total,10240335
2005,2011,Trinidad and Tobago,296
2006,2011,Tunisia,1927
2007,2011,Turkey,139761
2008,2011,Turkmenistan,711
2009,2011,Turks and Caicos Islands,14
2010,2011,Uganda,5656
2011,2011,Ukraine,25371
2012,2011,United Arab Emirates,484
2013,2011,United Kingdom of Great Britain and Northern Ireland,150
2014,2011,United Rep. of Tanzania,1150
2015,2011,United States of America,3770
2016,2011,Unknown ,145050
2017,2011,Uruguay,184
2018,2011,Uzbekistan,12672
2019,2011,Venezuela (Bolivarian Republic of),7575
2020,2011,Viet Nam,337821
2021,2011,Western Sahara,116413
2022,2011,Yemen,2314
2023,2011,Zambia,234
2024,2011,Zimbabwe,25030
2025,2012,Afghanistan,2586118
2026,2012,Albania,12569
2027,2012,Algeria,5650
2028,2012,Andorra,6
2029,2012,Angola,19239
2030,2012,Antigua and Barbuda,45
2031,2012,Argentina,431
2032,2012,Armenia,15932
2033,2012,Australia,47
2034,2012,Austria,15
2035,2012,Azerbaijan,15531
2036,2012,Bahamas,195
2037,2012,Bahrain,294
2038,2012,Bangladesh,10155
2039,2012,Barbados,50
2040,2012,Belarus,6181
2041,2012,Belgium,91
2042,2012,Belize,34
2043,2012,Benin,451
2044,2012,Bhutan,41582
2045,2012,Bolivia (Plurinational State of),608
2046,2012,Bosnia and Herzegovina,51809
2047,2012,Botswana,125
2048,2012,Brazil,1072
2049,2012,Bulgaria,2143
2050,2012,Burkina Faso,1458
2051,2012,Burundi,73342
2052,2012,Cabo Verde,22
2053,2012,Cambodia,14016
2054,2012,Cameroon,13357
2055,2012,Canada,121
2056,2012,Central African Rep.,164539
2057,2012,Chad,39664
2058,2012,Chile,1144
2059,2012,China,193437
2060,2012,"China, Hong Kong SAR",18
2061,2012,Colombia,394114
2062,2012,Comoros,449
2063,2012,Congo,12099
2064,2012,Costa Rica,323
2065,2012,Cote d'Ivoire,100690
2066,2012,Croatia,62603
2067,2012,Cuba,7710
2068,2012,Cyprus,10
2069,2012,Czechia,620
2070,2012,Dem. People's Rep. of Korea,1126
2071,2012,Dem. Rep. of the Congo,509257
2072,2012,Denmark,6
2073,2012,Djibouti,620
2074,2012,Dominica,52
2075,2012,Dominican Rep.,280
2076,2012,Ecuador,851
2077,2012,Egypt,10013
2078,2012,El Salvador,8172
2079,2012,Equatorial Guinea,229
2080,2012,Eritrea,285355
2081,2012,Estonia,455
2082,2012,Eswatini,59
2083,2012,Ethiopia,74950
2084,2012,Fiji,1316
2085,2012,Finland,5
2086,2012,France,93
2087,2012,Gabon,189
2088,2012,Gambia,3064
2089,2012,Georgia,9266
2090,2012,Germany,174
2091,2012,Ghana,24265
2092,2012,Greece,47
2093,2012,Grenada,316
2094,2012,Guatemala,6389
2095,2012,Guinea,14057
2096,2012,Guinea-Bissau,1174
2097,2012,Guyana,800
2098,2012,Haiti,38555
2099,2012,Honduras,2611
2100,2012,Hungary,1083
2101,2012,India,14245
2102,2012,Indonesia,15514
2103,2012,Iran (Islamic Rep. of),75921
2104,2012,Iraq,746196
2105,2012,Ireland,7
2106,2012,Israel,1326
2107,2012,Italy,65
2108,2012,Jamaica,1404
2109,2012,Japan,173
2110,2012,Jordan,2362
2111,2012,Kazakhstan,3564
2112,2012,Kenya,8939
2113,2012,Kiribati,34
2114,2012,Kuwait,1186
2115,2012,Kyrgyzstan,3491
2116,2012,Lao People's Dem. Rep.,7981
2117,2012,Latvia,662
2118,2012,Lebanon,15101
2119,2012,Lesotho,5
2120,2012,Liberia,23424
2121,2012,Libya,5235
2122,2012,Lithuania,487
2123,2012,Madagascar,298
2124,2012,Malawi,274
2125,2012,Malaysia,523
2126,2012,Maldives,22
2127,2012,Mali,149930
2128,2012,Malta,5
2129,2012,Mauritania,33742
2130,2012,Mauritius,56
2131,2012,Mexico,8438
2132,2012,Monaco,5
2133,2012,Mongolia,2111
2134,2012,Montenegro,4052
2135,2012,Morocco,2390
2136,2012,Mozambique,155
2137,2012,Myanmar,415355
2138,2012,Namibia,1097
2139,2012,Nepal,7603
2140,2012,Netherlands,68
2141,2012,New Zealand,19
2142,2012,Nicaragua,1525
2143,2012,Niger,824
2144,2012,Nigeria,18006
2145,2012,Niue,10
2146,2012,North Macedonia,7582
2147,2012,Norway,5
2148,2012,Oman,62
2149,2012,Pakistan,49759
2150,2012,Palestinian,94889
2151,2012,Panama,106
2152,2012,Papua New Guinea,172
2153,2012,Paraguay,100
2154,2012,Peru,5204
2155,2012,Philippines,979
2156,2012,Poland,1638
2157,2012,Portugal,31
2158,2012,Qatar,123
2159,2012,Rep. of Korea,555
2160,2012,Rep. of Moldova,6148
2161,2012,Romania,2802
2162,2012,Russian Federation,110590
2163,2012,Rwanda,97356
2164,2012,Saint Kitts and Nevis,12
2165,2012,Saint Lucia,567
2166,2012,Saint Vincent and the Grenadines,1315
2167,2012,Sao Tome and Principe,31
2168,2012,Saudi Arabia,806
2169,2012,Senegal,18712
2170,2012,Serbia and Kosovo: S/RES/1244 (1999),158899
2171,2012,Seychelles,30
2172,2012,Sierra Leone,6187
2173,2012,Singapore,66
2174,2012,Slovakia,231
2175,2012,Slovenia,34
2176,2012,Solomon Islands,60
2177,2012,Somalia,1136687
2178,2012,South Africa,405
2179,2012,South Sudan,87004
2180,2012,Spain,53
2181,2012,Sri Lanka,132705
2182,2012,Stateless,19658
2183,2012,Sudan,568907
2184,2012,Suriname,14
2185,2012,Sweden,21
2186,2012,Switzerland,16
2187,2012,Syrian Arab Rep.,728998
2188,2012,Tajikistan,666
2189,2012,Thailand,381
2190,2012,Tibetan,15000
2191,2012,Timor-Leste,8
2192,2012,Togo,15677
2193,2012,Tonga,11
2194,2012,Total,10344044
2195,2012,Trinidad and Tobago,335
2196,2012,Tunisia,1913
2197,2012,Turkey,135348
2198,2012,Turkmenistan,706
2199,2012,Turks and Caicos Islands,14
2200,2012,Uganda,5590
2201,2012,Ukraine,25241
2202,2012,United Arab Emirates,581
2203,2012,United Kingdom of Great Britain and Northern Ireland,148
2204,2012,United Rep. of Tanzania,1109
2205,2012,United States of America,4444
2206,2012,Unknown ,132803
2207,2012,Uruguay,168
2208,2012,Uzbekistan,11593
2209,2012,Venezuela (Bolivarian Republic of),8205
2210,2012,Viet Nam,336929
2211,2012,Western Sahara,116449
2212,2012,Yemen,2578
2213,2012,Zambia,238
2214,2012,Zimbabwe,22083
2215,2013,Afghanistan,2556469
2216,2013,Albania,10104
2217,2013,Algeria,3640
2218,2013,Andorra,5
2219,2013,Angola,10265
2220,2013,Antigua and Barbuda,50
2221,2013,Argentina,381
2222,2013,Armenia,11994
2223,2013,Australia,27
2224,2013,Austria,5
2225,2013,Azerbaijan,10808
2226,2013,Bahamas,208
2227,2013,Bahrain,274
2228,2013,Bangladesh,9713
2229,2013,Barbados,63
2230,2013,Belarus,4390
2231,2013,Belgium,76
2232,2013,Belize,37
2233,2013,Benin,294
2234,2013,Bhutan,31558
2235,2013,Bolivia (Plurinational State of),593
2236,2013,Bosnia and Herzegovina,26782
2237,2013,Botswana,165
2238,2013,Brazil,982
2239,2013,Bulgaria,1877
2240,2013,Burkina Faso,1578
2241,2013,Burundi,72624
2242,2013,Cabo Verde,22
2243,2013,Cambodia,13738
2244,2013,Cameroon,11403
2245,2013,Canada,94
2246,2013,Cayman Islands,6
2247,2013,Central African Rep.,252827
2248,2013,Chad,48610
2249,2013,Chile,590
2250,2013,China,195111
2251,2013,"China, Hong Kong SAR",24
2252,2013,Colombia,396712
2253,2013,Comoros,509
2254,2013,Congo,11732
2255,2013,Costa Rica,465
2256,2013,Cote d'Ivoire,85626
2257,2013,Croatia,49754
2258,2013,Cuba,7442
2259,2013,Curacao ,35
2260,2013,Cyprus,10
2261,2013,Czechia,983
2262,2013,Dem. People's Rep. of Korea,1163
2263,2013,Dem. Rep. of the Congo,499522
2264,2013,Denmark,6
2265,2013,Djibouti,747
2266,2013,Dominica,40
2267,2013,Dominican Rep.,298
2268,2013,Ecuador,714
2269,2013,Egypt,12803
2270,2013,El Salvador,9634
2271,2013,Equatorial Guinea,196
2272,2013,Eritrea,308201
2273,2013,Estonia,349
2274,2013,Eswatini,103
2275,2013,Ethiopia,77089
2276,2013,Fiji,1109
2277,2013,Finland,5
2278,2013,France,93
2279,2013,Gabon,181
2280,2013,Gambia,3382
2281,2013,Georgia,6784
2282,2013,Germany,166
2283,2013,Ghana,21045
2284,2013,Greece,89
2285,2013,Grenada,330
2286,2013,Guatemala,6618
2287,2013,Guinea,14548
2288,2013,Guinea-Bissau,1222
2289,2013,Guyana,800
2290,2013,Haiti,38638
2291,2013,Honduras,3298
2292,2013,Hungary,1216
2293,2013,India,11032
2294,2013,Indonesia,14775
2295,2013,Iran (Islamic Rep. of),75038
2296,2013,Iraq,401428
2297,2013,Ireland,7
2298,2013,Israel,1029
2299,2013,Italy,63
2300,2013,Jamaica,1501
2301,2013,Japan,154
2302,2013,Jordan,1611
2303,2013,Kazakhstan,2113
2304,2013,Kenya,8573
2305,2013,Kiribati,21
2306,2013,Kuwait,969
2307,2013,Kyrgyzstan,2296
2308,2013,Lao People's Dem. Rep.,7739
2309,2013,Latvia,228
2310,2013,Lebanon,3810
2311,2013,Lesotho,10
2312,2013,Liberia,17546
2313,2013,Libya,3293
2314,2013,Lithuania,217
2315,2013,Madagascar,288
2316,2013,Malawi,322
2317,2013,Malaysia,480
2318,2013,Maldives,30
2319,2013,Mali,152812
2320,2013,Malta,5
2321,2013,Marshall Islands,5
2322,2013,Mauritania,34235
2323,2013,Mauritius,72
2324,2013,Mexico,9396
2325,2013,Monaco,5
2326,2013,Mongolia,2054
2327,2013,Montenegro,544
2328,2013,Morocco,1285
2329,2013,Mozambique,51
2330,2013,Myanmar,479582
2331,2013,Namibia,1138
2332,2013,Nepal,8102
2333,2013,Netherlands,59
2334,2013,New Zealand,15
2335,2013,Nicaragua,1530
2336,2013,Niger,675
2337,2013,Nigeria,31161
2338,2013,Niue,14
2339,2013,North Macedonia,1620
2340,2013,Norway,15
2341,2013,Oman,20
2342,2013,Pakistan,48664
2343,2013,Palestinian,96007
2344,2013,Panama,99
2345,2013,Papua New Guinea,219
2346,2013,Paraguay,90
2347,2013,Peru,4762
2348,2013,Philippines,718
2349,2013,Poland,1429
2350,2013,Portugal,27
2351,2013,Qatar,15
2352,2013,Rep. of Korea,495
2353,2013,Rep. of Moldova,2212
2354,2013,Romania,2331
2355,2013,Russian Federation,74313
2356,2013,Rwanda,83941
2357,2013,Saint Kitts and Nevis,12
2358,2013,Saint Lucia,711
2359,2013,Saint Vincent and the Grenadines,1535
2360,2013,Sao Tome and Principe,31
2361,2013,Saudi Arabia,570
2362,2013,Senegal,19819
2363,2013,Serbia and Kosovo: S/RES/1244 (1999),48725
2364,2013,Seychelles,24
2365,2013,Sierra Leone,5297
2366,2013,Singapore,60
2367,2013,Slovakia,321
2368,2013,Slovenia,27
2369,2013,Solomon Islands,60
2370,2013,Somalia,1121742
2371,2013,South Africa,419
2372,2013,South Sudan,114464
2373,2013,Spain,57
2374,2013,Sri Lanka,123053
2375,2013,Stateless,20193
2376,2013,Sudan,648907
2377,2013,Suriname,17
2378,2013,Sweden,18
2379,2013,Switzerland,11
2380,2013,Syrian Arab Rep.,2468296
2381,2013,Tajikistan,653
2382,2013,Thailand,220
2383,2013,Tibetan,15065
2384,2013,Timor-Leste,8
2385,2013,Togo,10296
2386,2013,Tonga,16
2387,2013,Total,11570319
2388,2013,Trinidad and Tobago,336
2389,2013,Tunisia,1356
2390,2013,Turkey,66556
2391,2013,Turkmenistan,499
2392,2013,Turks and Caicos Islands,15
2393,2013,Uganda,8166
2394,2013,Ukraine,5155
2395,2013,United Arab Emirates,83
2396,2013,United Kingdom of Great Britain and Northern Ireland,141
2397,2013,United Rep. of Tanzania,1031
2398,2013,United States of America,4755
2399,2013,Unknown ,107201
2400,2013,Uruguay,144
2401,2013,Uzbekistan,4955
2402,2013,Venezuela (Bolivarian Republic of),8395
2403,2013,Viet Nam,314105
2404,2013,Western Sahara,116496
2405,2013,Yemen,2415
2406,2013,Zambia,232
2407,2013,Zimbabwe,19716
2408,2014,Afghanistan,2596248
2409,2014,Albania,10156
2410,2014,Algeria,3507
2411,2014,Andorra,5
2412,2014,Angola,9466
2413,2014,Antigua and Barbuda,53
2414,2014,Argentina,313
2415,2014,Armenia,11838
2416,2014,Australia,27
2417,2014,Austria,5
2418,2014,Azerbaijan,10509
2419,2014,Bahamas,216
2420,2014,Bahrain,343
2421,2014,Bangladesh,10865
2422,2014,Barbados,82
2423,2014,Belarus,4296
2424,2014,Belgium,76
2425,2014,Belize,44
2426,2014,Benin,330
2427,2014,Bhutan,23633
2428,2014,Bolivia (Plurinational State of),587
2429,2014,Bosnia and Herzegovina,21869
2430,2014,Botswana,234
2431,2014,Brazil,979
2432,2014,Bulgaria,1645
2433,2014,Burkina Faso,1855
2434,2014,Burundi,72466
2435,2014,Cabo Verde,27
2436,2014,Cambodia,13066
2437,2014,Cameroon,10727
2438,2014,Canada,89
2439,2014,Cayman Islands,6
2440,2014,Central African Rep.,412018
2441,2014,Chad,48234
2442,2014,Chile,571
2443,2014,China,210790
2444,2014,"China, Hong Kong SAR",25
2445,2014,"China, Macao SAR",5
2446,2014,Colombia,360290
2447,2014,Comoros,580
2448,2014,Congo,14493
2449,2014,Costa Rica,414
2450,2014,Cote d'Ivoire,71948
2451,2014,Croatia,40120
2452,2014,Cuba,7481
2453,2014,Curacao ,35
2454,2014,Cyprus,10
2455,2014,Czechia,1320
2456,2014,Dem. People's Rep. of Korea,1274
2457,2014,Dem. Rep. of the Congo,516740
2458,2014,Denmark,11
2459,2014,Djibouti,868
2460,2014,Dominica,35
2461,2014,Dominican Rep.,348
2462,2014,Ecuador,808
2463,2014,Egypt,15894
2464,2014,El Salvador,10967
2465,2014,Equatorial Guinea,167
2466,2014,Eritrea,363069
2467,2014,Estonia,340
2468,2014,Eswatini,149
2469,2014,Ethiopia,86823
2470,2014,Fiji,927
2471,2014,Finland,5
2472,2014,France,84
2473,2014,Gabon,172
2474,2014,Gambia,5122
2475,2014,Georgia,6691
2476,2014,Germany,170
2477,2014,Ghana,22117
2478,2014,Greece,108
2479,2014,Grenada,324
2480,2014,Guatemala,7487
2481,2014,Guinea,15241
2482,2014,Guinea-Bissau,1299
2483,2014,Guyana,700
2484,2014,Haiti,37141
2485,2014,Honduras,4157
2486,2014,Hungary,1262
2487,2014,India,10431
2488,2014,Indonesia,14393
2489,2014,Iran (Islamic Rep. of),82166
2490,2014,Iraq,369950
2491,2014,Ireland,7
2492,2014,Israel,967
2493,2014,Italy,63
2494,2014,Jamaica,1682
2495,2014,Japan,257
2496,2014,Jordan,1698
2497,2014,Kazakhstan,2219
2498,2014,Kenya,8548
2499,2014,Kiribati,5
2500,2014,Kuwait,971
2501,2014,Kyrgyzstan,2445
2502,2014,Lao People's Dem. Rep.,7475
2503,2014,Latvia,206
2504,2014,Lebanon,4257
2505,2014,Lesotho,16
2506,2014,Liberia,13554
2507,2014,Libya,4187
2508,2014,Lithuania,182
2509,2014,Madagascar,274
2510,2014,Malawi,356
2511,2014,Malaysia,457
2512,2014,Maldives,32
2513,2014,Mali,139243
2514,2014,Marshall Islands,5
2515,2014,Mauritania,34100
2516,2014,Mauritius,91
2517,2014,Mexico,10672
2518,2014,Monaco,5
2519,2014,Mongolia,2160
2520,2014,Montenegro,598
2521,2014,Morocco,1513
2522,2014,Mozambique,55
2523,2014,Myanmar,478996
2524,2014,Namibia,1250
2525,2014,Nepal,8547
2526,2014,Netherlands,62
2527,2014,New Zealand,14
2528,2014,Nicaragua,1576
2529,2014,Niger,727
2530,2014,Nigeria,90915
2531,2014,Niue,18
2532,2014,North Macedonia,1745
2533,2014,Norway,15
2534,2014,Oman,25
2535,2014,Pakistan,335949
2536,2014,Palestinian,97182
2537,2014,Panama,82
2538,2014,Papua New Guinea,285
2539,2014,Paraguay,86
2540,2014,Peru,4328
2541,2014,Philippines,661
2542,2014,Poland,1304
2543,2014,Portugal,30
2544,2014,Qatar,23
2545,2014,Rep. of Korea,478
2546,2014,Rep. of Moldova,2234
2547,2014,Romania,1917
2548,2014,Russian Federation,70550
2549,2014,Rwanda,79388
2550,2014,Saint Kitts and Nevis,20
2551,2014,Saint Lucia,921
2552,2014,Saint Vincent and the Grenadines,1736
2553,2014,Sao Tome and Principe,24
2554,2014,Saudi Arabia,611
2555,2014,Senegal,23110
2556,2014,Serbia and Kosovo: S/RES/1244 (1999),45728
2557,2014,Seychelles,23
2558,2014,Sierra Leone,4984
2559,2014,Singapore,54
2560,2014,Slovakia,316
2561,2014,Slovenia,25
2562,2014,Solomon Islands,70
2563,2014,Somalia,1106401
2564,2014,South Africa,422
2565,2014,South Sudan,616202
2566,2014,Spain,60
2567,2014,Sri Lanka,121984
2568,2014,Stateless,27898
2569,2014,Sudan,665935
2570,2014,Suriname,17
2571,2014,Sweden,18
2572,2014,Switzerland,16
2573,2014,Syrian Arab Rep.,3887469
2574,2014,Tajikistan,720
2575,2014,Thailand,223
2576,2014,Tibetan,15066
2577,2014,Timor-Leste,13
2578,2014,Togo,9268
2579,2014,Tonga,19
2580,2014,Total,14254733
2581,2014,Trinidad and Tobago,371
2582,2014,Tunisia,1472
2583,2014,Turkey,63880
2584,2014,Turkmenistan,468
2585,2014,Turks and Caicos Islands,15
2586,2014,Uganda,7175
2587,2014,Ukraine,237615
2588,2014,United Arab Emirates,84
2589,2014,United Kingdom of Great Britain and Northern Ireland,137
2590,2014,United Rep. of Tanzania,843
2591,2014,United States of America,4980
2592,2014,Unknown ,101140
2593,2014,Uruguay,119
2594,2014,Uzbekistan,4788
2595,2014,Venezuela (Bolivarian Republic of),8010
2596,2014,Viet Nam,313421
2597,2014,Western Sahara,116475
2598,2014,Yemen,2617
2599,2014,Zambia,308
2600,2014,Zimbabwe,22477
2601,2015,Afghanistan,2666287
2602,2015,Albania,10404
2603,2015,Algeria,3463
2604,2015,Andorra,5
2605,2015,Angola,11851
2606,2015,Antigua and Barbuda,56
2607,2015,Argentina,186
2608,2015,Armenia,11211
2609,2015,Australia,21
2610,2015,Azerbaijan,9711
2611,2015,Bahamas,216
2612,2015,Bahrain,419
2613,2015,Bangladesh,12155
2614,2015,Barbados,95
2615,2015,Belarus,4118
2616,2015,Belgium,66
2617,2015,Belize,48
2618,2015,Benin,400
2619,2015,Bhutan,17709
2620,2015,Bolivia (Plurinational State of),561
2621,2015,Bosnia and Herzegovina,18753
2622,2015,Botswana,306
2623,2015,Brazil,893
2624,2015,Bulgaria,1263
2625,2015,Burkina Faso,2142
2626,2015,Burundi,292737
2627,2015,Cabo Verde,27
2628,2015,Cambodia,12794
2629,2015,Cameroon,10555
2630,2015,Canada,73
2631,2015,Cayman Islands,6
2632,2015,Central African Rep.,471080
2633,2015,Chad,14915
2634,2015,Chile,553
2635,2015,China,212907
2636,2015,"China, Hong Kong SAR",33
2637,2015,"China, Macao SAR",5
2638,2015,Colombia,340117
2639,2015,Comoros,550
2640,2015,Congo,14773
2641,2015,Costa Rica,374
2642,2015,Cote d'Ivoire,71096
2643,2015,Croatia,33451
2644,2015,Cuba,6823
2645,2015,Curacao ,35
2646,2015,Czechia,1280
2647,2015,Dem. People's Rep. of Korea,1094
2648,2015,Dem. Rep. of the Congo,541480
2649,2015,Denmark,11
2650,2015,Djibouti,1058
2651,2015,Dominica,35
2652,2015,Dominican Rep.,382
2653,2015,Ecuador,1007
2654,2015,Egypt,17921
2655,2015,El Salvador,14778
2656,2015,Equatorial Guinea,142
2657,2015,Eritrea,407408
2658,2015,Estonia,315
2659,2015,Eswatini,213
2660,2015,Ethiopia,85792
2661,2015,Fiji,887
2662,2015,Finland,10
2663,2015,France,90
2664,2015,Gabon,169
2665,2015,Gambia,8473
2666,2015,Georgia,6507
2667,2015,Germany,153
2668,2015,Ghana,22962
2669,2015,Greece,111
2670,2015,Grenada,270
2671,2015,Guatemala,10279
2672,2015,Guinea,16988
2673,2015,Guinea-Bissau,1472
2674,2015,Guyana,508
2675,2015,Haiti,34762
2676,2015,Honduras,6847
2677,2015,Hungary,1445
2678,2015,India,9882
2679,2015,Indonesia,13947
2680,2015,Iran (Islamic Rep. of),84926
2681,2015,Iraq,264078
2682,2015,Ireland,5
2683,2015,Israel,787
2684,2015,Italy,69
2685,2015,Jamaica,1857
2686,2015,Japan,140
2687,2015,Jordan,1815
2688,2015,Kazakhstan,2264
2689,2015,Kenya,7906
2690,2015,Kuwait,1076
2691,2015,Kyrgyzstan,2497
2692,2015,Lao People's Dem. Rep.,7358
2693,2015,Latvia,187
2694,2015,Lebanon,4345
2695,2015,Lesotho,16
2696,2015,Liberia,9971
2697,2015,Libya,6077
2698,2015,Lithuania,143
2699,2015,Madagascar,285
2700,2015,Malawi,429
2701,2015,Malaysia,430
2702,2015,Maldives,39
2703,2015,Mali,154196
2704,2015,Marshall Islands,5
2705,2015,Mauritania,34653
2706,2015,Mauritius,101
2707,2015,Mexico,11340
2708,2015,Monaco,5
2709,2015,Mongolia,2198
2710,2015,Montenegro,645
2711,2015,Morocco,1752
2712,2015,Mozambique,55
2713,2015,Myanmar,451793
2714,2015,Namibia,1272
2715,2015,Nepal,9050
2716,2015,Netherlands,64
2717,2015,New Zealand,16
2718,2015,Nicaragua,1465
2719,2015,Niger,1382
2720,2015,Nigeria,167958
2721,2015,Niue,18
2722,2015,North Macedonia,1769
2723,2015,Norway,10
2724,2015,Oman,36
2725,2015,Pakistan,297892
2726,2015,Palestinian,97983
2727,2015,Panama,62
2728,2015,Papua New Guinea,335
2729,2015,Paraguay,88
2730,2015,Peru,3588
2731,2015,Philippines,583
2732,2015,Poland,1293
2733,2015,Portugal,28
2734,2015,Qatar,21
2735,2015,Rep. of Korea,346
2736,2015,Rep. of Moldova,2287
2737,2015,Romania,1731
2738,2015,Russian Federation,67008
2739,2015,Rwanda,286357
2740,2015,Saint Kitts and Nevis,25
2741,2015,Saint Lucia,1011
2742,2015,Saint Vincent and the Grenadines,1823
2743,2015,Sao Tome and Principe,24
2744,2015,Saudi Arabia,686
2745,2015,Senegal,21263
2746,2015,Serbia and Kosovo: S/RES/1244 (1999),38616
2747,2015,Seychelles,19
2748,2015,Sierra Leone,4895
2749,2015,Singapore,50
2750,2015,Slovakia,325
2751,2015,Slovenia,21
2752,2015,Solomon Islands,71
2753,2015,Somalia,1123116
2754,2015,South Africa,447
2755,2015,South Sudan,778722
2756,2015,Spain,60
2757,2015,Sri Lanka,121421
2758,2015,Stateless,37412
2759,2015,Sudan,627051
2760,2015,Suriname,19
2761,2015,Sweden,18
2762,2015,Switzerland,16
2763,2015,Syrian Arab Rep.,4873213
2764,2015,Tajikistan,787
2765,2015,Thailand,210
2766,2015,Tibetan,15069
2767,2015,Timor-Leste,19
2768,2015,Togo,8770
2769,2015,Tonga,22
2770,2015,Total,15952232
2771,2015,Trinidad and Tobago,369
2772,2015,Tunisia,1549
2773,2015,Turkey,59542
2774,2015,Turkmenistan,441
2775,2015,Turks and Caicos Islands,14
2776,2015,Uganda,6301
2777,2015,Ukraine,321399
2778,2015,United Arab Emirates,91
2779,2015,United Kingdom of Great Britain and Northern Ireland,128
2780,2015,United Rep. of Tanzania,807
2781,2015,United States of America,4824
2782,2015,Unknown ,120121
2783,2015,Uruguay,84
2784,2015,Uzbekistan,4190
2785,2015,Venezuela (Bolivarian Republic of),7456
2786,2015,Viet Nam,313152
2787,2015,Western Sahara,116539
2788,2015,Yemen,15888
2789,2015,Zambia,334
2790,2015,Zimbabwe,21329
2791,2016,Afghanistan,2501438
2792,2016,Albania,11060
2793,2016,Algeria,3699
2794,2016,Angola,8388
2795,2016,Antigua and Barbuda,82
2796,2016,Argentina,118
2797,2016,Armenia,10709
2798,2016,Australia,15
2799,2016,Azerbaijan,10113
2800,2016,Bahamas,298
2801,2016,Bahrain,460
2802,2016,Bangladesh,13840
2803,2016,Barbados,144
2804,2016,Belarus,3833
2805,2016,Belgium,44
2806,2016,Belize,57
2807,2016,Benin,474
2808,2016,Bhutan,11757
2809,2016,Bolivia (Plurinational State of),526
2810,2016,Bosnia and Herzegovina,18189
2811,2016,Botswana,265
2812,2016,Brazil,801
2813,2016,Bulgaria,796
2814,2016,Burkina Faso,2352
2815,2016,Burundi,408060
2816,2016,Cabo Verde,10
2817,2016,Cambodia,12428
2818,2016,Cameroon,10335
2819,2016,Canada,76
2820,2016,Cayman Islands,6
2821,2016,Central African Rep.,490863
2822,2016,Chad,14164
2823,2016,Chile,493
2824,2016,China,207766
2825,2016,"China, Hong Kong SAR",15
2826,2016,"China, Macao SAR",5
2827,2016,Colombia,311059
2828,2016,Comoros,572
2829,2016,Congo,13293
2830,2016,Costa Rica,202
2831,2016,Cote d'Ivoire,46792
2832,2016,Croatia,26230
2833,2016,Cuba,5930
2834,2016,Curacao ,35
2835,2016,Czechia,1266
2836,2016,Dem. People's Rep. of Korea,1419
2837,2016,Dem. Rep. of the Congo,537465
2838,2016,Djibouti,1437
2839,2016,Dominica,19
2840,2016,Dominican Rep.,359
2841,2016,Ecuador,1042
2842,2016,Egypt,19771
2843,2016,El Salvador,19618
2844,2016,Equatorial Guinea,131
2845,2016,Eritrea,457220
2846,2016,Estonia,303
2847,2016,Eswatini,222
2848,2016,Ethiopia,83926
2849,2016,Fiji,791
2850,2016,Finland,5
2851,2016,France,50
2852,2016,Gabon,169
2853,2016,Gambia,11589
2854,2016,Georgia,6405
2855,2016,Germany,67
2856,2016,Ghana,15528
2857,2016,Greece,100
2858,2016,Grenada,100
2859,2016,Guatemala,12549
2860,2016,Guinea,17531
2861,2016,Guinea-Bissau,1648
2862,2016,Guyana,268
2863,2016,Haiti,29671
2864,2016,Honduras,10509
2865,2016,Hungary,2908
2866,2016,India,7288
2867,2016,Indonesia,13056
2868,2016,Iran (Islamic Rep. of),94098
2869,2016,Iraq,316031
2870,2016,Israel,482
2871,2016,Italy,49
2872,2016,Jamaica,1998
2873,2016,Japan,53
2874,2016,Jordan,1887
2875,2016,Kazakhstan,2368
2876,2016,Kenya,7526
2877,2016,Kuwait,1012
2878,2016,Kyrgyzstan,2564
2879,2016,Lao People's Dem. Rep.,7228
2880,2016,Latvia,164
2881,2016,Lebanon,4712
2882,2016,Lesotho,5
2883,2016,Liberia,6552
2884,2016,Libya,8829
2885,2016,Lithuania,73
2886,2016,Madagascar,292
2887,2016,Malawi,427
2888,2016,Malaysia,451
2889,2016,Maldives,58
2890,2016,Mali,156413
2891,2016,Marshall Islands,5
2892,2016,Mauritania,36264
2893,2016,Mauritius,106
2894,2016,Mexico,10387
2895,2016,Monaco,5
2896,2016,Mongolia,2283
2897,2016,Montenegro,713
2898,2016,Morocco,2238
2899,2016,Mozambique,48
2900,2016,Myanmar,490269
2901,2016,Namibia,1363
2902,2016,Nepal,8365
2903,2016,Netherlands,32
2904,2016,New Zealand,25
2905,2016,Nicaragua,1403
2906,2016,Niger,1227
2907,2016,Nigeria,229270
2908,2016,Niue,19
2909,2016,North Macedonia,1731
2910,2016,Norway,10
2911,2016,Oman,35
2912,2016,Pakistan,105409
2913,2016,Palestinian,97758
2914,2016,Panama,31
2915,2016,Papua New Guinea,401
2916,2016,Paraguay,68
2917,2016,Peru,2601
2918,2016,Philippines,421
2919,2016,Poland,1159
2920,2016,Portugal,20
2921,2016,Qatar,24
2922,2016,Rep. of Korea,243
2923,2016,Rep. of Moldova,2318
2924,2016,Romania,1197
2925,2016,Russian Federation,62758
2926,2016,Rwanda,286067
2927,2016,Saint Kitts and Nevis,47
2928,2016,Saint Lucia,993
2929,2016,Saint Vincent and the Grenadines,1335
2930,2016,Sao Tome and Principe,31
2931,2016,Saudi Arabia,925
2932,2016,Senegal,23049
2933,2016,Serbia and Kosovo: S/RES/1244 (1999),36927
2934,2016,Seychelles,10
2935,2016,Sierra Leone,4674
2936,2016,Singapore,38
2937,2016,Slovakia,792
2938,2016,Slovenia,20
2939,2016,Solomon Islands,71
2940,2016,Somalia,1012278
2941,2016,South Africa,452
2942,2016,South Sudan,1436706
2943,2016,Spain,34
2944,2016,Sri Lanka,117474
2945,2016,Stateless,48674
2946,2016,Sudan,650370
2947,2016,Suriname,16
2948,2016,Sweden,13
2949,2016,Switzerland,5
2950,2016,Syrian Arab Rep.,5524499
2951,2016,Tajikistan,928
2952,2016,Thailand,148
2953,2016,Tibetan,13536
2954,2016,Timor-Leste,19
2955,2016,Togo,8288
2956,2016,Tonga,25
2957,2016,Total,16996275
2958,2016,Trinidad and Tobago,294
2959,2016,Tunisia,1680
2960,2016,Turkey,57910
2961,2016,Turkmenistan,366
2962,2016,Turks and Caicos Islands,14
2963,2016,Uganda,6227
2964,2016,Ukraine,239066
2965,2016,United Arab Emirates,102
2966,2016,United Kingdom of Great Britain and Northern Ireland,77
2967,2016,United Rep. of Tanzania,578
2968,2016,United States of America,302
2969,2016,Unknown ,138788
2970,2016,Uruguay,23
2971,2016,Uzbekistan,3819
2972,2016,Venezuela (Bolivarian Republic of),7543
2973,2016,Viet Nam,329342
2974,2016,Western Sahara,116646
2975,2016,Yemen,18422
2976,2016,Zambia,255
2977,2016,Zimbabwe,18139
2978,2017,Afghanistan,2624263
2979,2017,Albania,12168
2980,2017,Algeria,4016
2981,2017,Angola,8289
2982,2017,Antigua and Barbuda,99
2983,2017,Argentina,121
2984,2017,Armenia,10786
2985,2017,Australia,10
2986,2017,Austria,10
2987,2017,Azerbaijan,10888
2988,2017,Bahamas,378
2989,2017,Bahrain,498
2990,2017,Bangladesh,16784
2991,2017,Barbados,172
2992,2017,Belarus,3645
2993,2017,Belgium,52
2994,2017,Belize,64
2995,2017,Benin,567
2996,2017,Bhutan,7954
2997,2017,Bolivia (Plurinational State of),513
2998,2017,Bosnia and Herzegovina,17685
2999,2017,Botswana,279
3000,2017,Brazil,849
3001,2017,Bulgaria,715
3002,2017,Burkina Faso,2694
3003,2017,Burundi,439308
3004,2017,Cabo Verde,5
3005,2017,Cambodia,12238
3006,2017,Cameroon,11018
3007,2017,Canada,75
3008,2017,Cayman Islands,6
3009,2017,Central African Rep.,545502
3010,2017,Chad,16309
3011,2017,Chile,491
3012,2017,China,207713
3013,2017,"China, Hong Kong SAR",11
3014,2017,Colombia,191637
3015,2017,Comoros,600
3016,2017,Congo,13280
3017,2017,Costa Rica,195
3018,2017,Cote d'Ivoire,39993
3019,2017,Croatia,24862
3020,2017,Cuba,5327
3021,2017,Curacao ,35
3022,2017,Czechia,1272
3023,2017,Dem. People's Rep. of Korea,1176
3024,2017,Dem. Rep. of the Congo,620787
3025,2017,Djibouti,1759
3026,2017,Dominica,26
3027,2017,Dominican Rep.,427
3028,2017,Ecuador,1252
3029,2017,Egypt,22080
3030,2017,El Salvador,25879
3031,2017,Equatorial Guinea,127
3032,2017,Eritrea,486185
3033,2017,Estonia,288
3034,2017,Eswatini,231
3035,2017,Ethiopia,87417
3036,2017,Fiji,734
3037,2017,Finland,5
3038,2017,France,54
3039,2017,Gabon,216
3040,2017,Gambia,14563
3041,2017,Georgia,6535
3042,2017,Germany,66
3043,2017,Ghana,16954
3044,2017,Greece,106
3045,2017,Grenada,103
3046,2017,Guatemala,16283
3047,2017,Guinea,20330
3048,2017,Guinea-Bissau,1870
3049,2017,Guyana,260
3050,2017,Haiti,28426
3051,2017,Honduras,14424
3052,2017,Hungary,3335
3053,2017,Iceland,5
3054,2017,India,7926
3055,2017,Indonesia,12485
3056,2017,Iran (Islamic Rep. of),118634
3057,2017,Iraq,362525
3058,2017,Israel,464
3059,2017,Italy,52
3060,2017,Jamaica,2224
3061,2017,Japan,44
3062,2017,Jordan,2092
3063,2017,Kazakhstan,2408
3064,2017,Kenya,7562
3065,2017,Kuwait,1096
3066,2017,Kyrgyzstan,2764
3067,2017,Lao People's Dem. Rep.,7055
3068,2017,Latvia,162
3069,2017,Lebanon,5297
3070,2017,Lesotho,6
3071,2017,Liberia,6035
3072,2017,Libya,11200
3073,2017,Lithuania,73
3074,2017,Madagascar,292
3075,2017,Malawi,434
3076,2017,Malaysia,540
3077,2017,Maldives,64
3078,2017,Mali,150306
3079,2017,Marshall Islands,7
3080,2017,Mauritania,36525
3081,2017,Mauritius,130
3082,2017,Mexico,11679
3083,2017,Monaco,5
3084,2017,Mongolia,2228
3085,2017,Montenegro,706
3086,2017,Morocco,3082
3087,2017,Mozambique,48
3088,2017,Myanmar,1156722
3089,2017,Namibia,1368
3090,2017,Nepal,8413
3091,2017,Netherlands,39
3092,2017,New Zealand,34
3093,2017,Nicaragua,1463
3094,2017,Niger,1362
3095,2017,Nigeria,238947
3096,2017,Niue,19
3097,2017,North Macedonia,1653
3098,2017,Norway,15
3099,2017,Oman,39
3100,2017,Pakistan,128911
3101,2017,Palestinian,99591
3102,2017,Panama,36
3103,2017,Papua New Guinea,406
3104,2017,Paraguay,77
3105,2017,Peru,2585
3106,2017,Philippines,438
3107,2017,Poland,1123
3108,2017,Portugal,16
3109,2017,Qatar,31
3110,2017,Rep. of Korea,239
3111,2017,Rep. of Moldova,2342
3112,2017,Romania,1212
3113,2017,Russian Federation,61583
3114,2017,Rwanda,258989
3115,2017,Saint Kitts and Nevis,51
3116,2017,Saint Lucia,995
3117,2017,Saint Vincent and the Grenadines,1311
3118,2017,Sao Tome and Principe,31
3119,2017,Saudi Arabia,1209
3120,2017,Senegal,26578
3121,2017,Serbia and Kosovo: S/RES/1244 (1999),33237
3122,2017,Seychelles,10
3123,2017,Sierra Leone,4491
3124,2017,Singapore,48
3125,2017,Slovakia,913
3126,2017,Slovenia,17
3127,2017,Solomon Islands,57
3128,2017,Somalia,986354
3129,2017,South Africa,460
3130,2017,South Sudan,2439884
3131,2017,Spain,39
3132,2017,Sri Lanka,115633
3133,2017,Stateless,53327
3134,2017,Sudan,694522
3135,2017,Suriname,17
3136,2017,Sweden,14
3137,2017,Switzerland,5
3138,2017,Syrian Arab Rep.,6310472
3139,2017,Tajikistan,1366
3140,2017,Thailand,164
3141,2017,Tibetan,13531
3142,2017,Timor-Leste,13
3143,2017,Togo,8110
3144,2017,Tonga,34
3145,2017,Total,19684420
3146,2017,Trinidad and Tobago,310
3147,2017,Tunisia,1819
3148,2017,Turkey,61375
3149,2017,Turkmenistan,359
3150,2017,Turks and Caicos Islands,14
3151,2017,Uganda,6397
3152,2017,Ukraine,139584
3153,2017,United Arab Emirates,137
3154,2017,United Kingdom of Great Britain and Northern Ireland,85
3155,2017,United Rep. of Tanzania,654
3156,2017,United States of America,310
3157,2017,Unknown ,202193
3158,2017,Uruguay,12
3159,2017,Uzbekistan,3403
3160,2017,Venezuela (Bolivarian Republic of),9272
3161,2017,Viet Nam,334065
3162,2017,Western Sahara,116762
3163,2017,Yemen,23541
3164,2017,Zambia,260
3165,2017,Zimbabwe,17413
3166,2018,Afghanistan,2681257
3167,2018,Albania,13512
3168,2018,Algeria,4176
3169,2018,Angola,8233
3170,2018,Antigua and Barbuda,107
3171,2018,Argentina,112
3172,2018,Armenia,11040
3173,2018,Australia,10
3174,2018,Austria,24
3175,2018,Azerbaijan,11244
3176,2018,Bahamas,421
3177,2018,Bahrain,541
3178,2018,Bangladesh,21019
3179,2018,Barbados,210
3180,2018,Belarus,3526
3181,2018,Belgium,50
3182,2018,Belize,69
3183,2018,Benin,654
3184,2018,Bhutan,7100
3185,2018,Bolivia (Plurinational State of),497
3186,2018,Bosnia and Herzegovina,16954
3187,2018,Botswana,289
3188,2018,Brazil,1036
3189,2018,Bulgaria,620
3190,2018,Burkina Faso,11447
3191,2018,Burundi,387836
3192,2018,Cabo Verde,10
3193,2018,Cambodia,12139
3194,2018,Cameroon,45095
3195,2018,Canada,81
3196,2018,Cayman Islands,6
3197,2018,Central African Rep.,590848
3198,2018,Chad,10862
3199,2018,Chile,477
3200,2018,China,212037
3201,2018,"China, Hong Kong SAR",11
3202,2018,Colombia,138585
3203,2018,Comoros,619
3204,2018,Congo,13343
3205,2018,Costa Rica,205
3206,2018,Cote d'Ivoire,38308
3207,2018,Croatia,24102
3208,2018,Cuba,5481
3209,2018,Curacao ,35
3210,2018,Cyprus,7
3211,2018,Czechia,1236
3212,2018,Dem. People's Rep. of Korea,796
3213,2018,Dem. Rep. of the Congo,720279
3214,2018,Djibouti,2123
3215,2018,Dominica,38
3216,2018,Dominican Rep.,471
3217,2018,Ecuador,1426
3218,2018,Egypt,24836
3219,2018,El Salvador,32565
3220,2018,Equatorial Guinea,140
3221,2018,Eritrea,507239
3222,2018,Estonia,281
3223,2018,Eswatini,237
3224,2018,Ethiopia,92205
3225,2018,Fiji,675
3226,2018,Finland,5
3227,2018,France,57
3228,2018,Gabon,343
3229,2018,Gambia,17237
3230,2018,Georgia,6983
3231,2018,Germany,61
3232,2018,Ghana,18071
3233,2018,Greece,109
3234,2018,Grenada,95
3235,2018,Guatemala,19125
3236,2018,Guinea,23493
3237,2018,Guinea-Bissau,2045
3238,2018,Guyana,285
3239,2018,Haiti,27516
3240,2018,Honduras,18857
3241,2018,Hungary,3926
3242,2018,Iceland,5
3243,2018,India,9586
3244,2018,Indonesia,12148
3245,2018,Iran (Islamic Rep. of),129937
3246,2018,Iraq,372319
3247,2018,Israel,486
3248,2018,Italy,64
3249,2018,Jamaica,2448
3250,2018,Japan,42
3251,2018,Jordan,2398
3252,2018,Kazakhstan,2522
3253,2018,Kenya,7471
3254,2018,Kuwait,1250
3255,2018,Kyrgyzstan,2932
3256,2018,Lao People's Dem. Rep.,6942
3257,2018,Latvia,151
3258,2018,Lebanon,5613
3259,2018,Lesotho,6
3260,2018,Liberia,5500
3261,2018,Libya,13855
3262,2018,Lithuania,68
3263,2018,Madagascar,298
3264,2018,Malawi,471
3265,2018,Malaysia,817
3266,2018,Maldives,74
3267,2018,Mali,158269
3268,2018,Malta,5
3269,2018,Marshall Islands,7
3270,2018,Mauritania,37049
3271,2018,Mauritius,156
3272,2018,Mexico,12869
3273,2018,Monaco,5
3274,2018,Mongolia,2251
3275,2018,Montenegro,715
3276,2018,Morocco,3870
3277,2018,Mozambique,57
3278,2018,Myanmar,1145140
3279,2018,Namibia,1330
3280,2018,Nepal,8589
3281,2018,Netherlands,41
3282,2018,New Zealand,34
3283,2018,Nicaragua,1667
3284,2018,Niger,2711
3285,2018,Nigeria,276820
3286,2018,Niue,19
3287,2018,North Macedonia,1719
3288,2018,Norway,5
3289,2018,Oman,42
3290,2018,Pakistan,132253
3291,2018,Palestinian,100702
3292,2018,Panama,44
3293,2018,Papua New Guinea,424
3294,2018,Paraguay,73
3295,2018,Peru,2579
3296,2018,Philippines,514
3297,2018,Poland,1085
3298,2018,Portugal,20
3299,2018,Qatar,29
3300,2018,Rep. of Korea,274
3301,2018,Rep. of Moldova,2395
3302,2018,Romania,1155
3303,2018,Russian Federation,61452
3304,2018,Rwanda,247466
3305,2018,Saint Kitts and Nevis,58
3306,2018,Saint Lucia,1024
3307,2018,Saint Vincent and the Grenadines,1256
3308,2018,Sao Tome and Principe,31
3309,2018,Saudi Arabia,1489
3310,2018,Senegal,18202
3311,2018,Serbia and Kosovo: S/RES/1244 (1999),32356
3312,2018,Seychelles,15
3313,2018,Sierra Leone,4838
3314,2018,Singapore,44
3315,2018,Slovakia,1218
3316,2018,Slovenia,22
3317,2018,Solomon Islands,32
3318,2018,Somalia,949598
3319,2018,South Africa,481
3320,2018,South Sudan,2285294
3321,2018,Spain,45
3322,2018,Sri Lanka,113957
3323,2018,Stateless,55750
3324,2018,Sudan,724764
3325,2018,Suriname,22
3326,2018,Sweden,16
3327,2018,Switzerland,5
3328,2018,Syrian Arab Rep.,6654330
3329,2018,Tajikistan,1691
3330,2018,Thailand,184
3331,2018,Tibetan,13527
3332,2018,Timor-Leste,12
3333,2018,Togo,8023
3334,2018,Tonga,32
3335,2018,Total,20086606
3336,2018,Trinidad and Tobago,323
3337,2018,Tunisia,1979
3338,2018,Turkey,68885
3339,2018,Turkmenistan,450
3340,2018,Turks and Caicos Islands,14
3341,2018,Uganda,7027
3342,2018,Ukraine,93248
3343,2018,United Arab Emirates,168
3344,2018,United Kingdom of Great Britain and Northern Ireland,85
3345,2018,United Rep. of Tanzania,722
3346,2018,United States of America,332
3347,2018,Unknown ,216538
3348,2018,Uruguay,7
3349,2018,Uzbekistan,3269
3350,2018,Venezuela (Bolivarian Republic of),21047
3351,2018,Viet Nam,334464
3352,2018,Western Sahara,116787
3353,2018,Yemen,31123
3354,2018,Zambia,264
3355,2018,Zimbabwe,15618
3356,2019,Afghanistan,2727552
3357,2019,Albania,15027
3358,2019,Algeria,4514
3359,2019,Angola,8171
3360,2019,Antigua and Barbuda,117
3361,2019,Argentina,99
3362,2019,Armenia,10962
3363,2019,Australia,20
3364,2019,Austria,18
3365,2019,Azerbaijan,11624
3366,2019,Bahamas,501
3367,2019,Bahrain,555
3368,2019,Bangladesh,22766
3369,2019,Barbados,243
3370,2019,Belarus,3425
3371,2019,Belgium,34
3372,2019,Belize,73
3373,2019,Benin,716
3374,2019,Bhutan,6839
3375,2019,Bolivia (Plurinational State of),509
3376,2019,Bosnia and Herzegovina,16555
3377,2019,Botswana,228
3378,2019,Brazil,1399
3379,2019,Bulgaria,566
3380,2019,Burkina Faso,11734
3381,2019,Burundi,380892
3382,2019,Cabo Verde,10
3383,2019,Cambodia,11985
3384,2019,Cameroon,66221
3385,2019,Canada,71
3386,2019,Cayman Islands,6
3387,2019,Central African Rep.,610140
3388,2019,Chad,11140
3389,2019,Chile,484
3390,2019,China,212864
3391,2019,"China, Hong Kong SAR",5
3392,2019,Colombia,189254
3393,2019,Comoros,658
3394,2019,Congo,12748
3395,2019,Costa Rica,206
3396,2019,Cote d'Ivoire,39343
3397,2019,Croatia,23791
3398,2019,Cuba,6627
3399,2019,Curacao ,35
3400,2019,Czechia,1166
3401,2019,Dem. People's Rep. of Korea,758
3402,2019,Dem. Rep. of the Congo,802962
3403,2019,Denmark,5
3404,2019,Djibouti,2350
3405,2019,Dominica,50
3406,2019,Dominican Rep.,541
3407,2019,Ecuador,1646
3408,2019,Egypt,27416
3409,2019,El Salvador,41815
3410,2019,Equatorial Guinea,156
3411,2019,Eritrea,504284
3412,2019,Estonia,274
3413,2019,Eswatini,224
3414,2019,Ethiopia,93438
3415,2019,Fiji,591
3416,2019,France,53
3417,2019,Gabon,435
3418,2019,Gambia,17813
3419,2019,Georgia,7519
3420,2019,Germany,64
3421,2019,Ghana,18428
3422,2019,Greece,95
3423,2019,Grenada,80
3424,2019,Guatemala,22768
3425,2019,Guinea,26857
3426,2019,Guinea-Bissau,2093
3427,2019,Guyana,284
3428,2019,Haiti,26734
3429,2019,Honduras,26351
3430,2019,Hungary,4007
3431,2019,Iceland,5
3432,2019,India,11787
3433,2019,Indonesia,12039
3434,2019,Iran (Islamic Rep. of),128990
3435,2019,Iraq,336248
3436,2019,Israel,452
3437,2019,Italy,76
3438,2019,Jamaica,2529
3439,2019,Japan,39
3440,2019,Jordan,2304
3441,2019,Kazakhstan,2758
3442,2019,Kenya,7697
3443,2019,Kuwait,1298
3444,2019,Kyrgyzstan,2964
3445,2019,Lao People's Dem. Rep.,6756
3446,2019,Latvia,144
3447,2019,Lebanon,5644
3448,2019,Lesotho,6
3449,2019,Liberia,5363
3450,2019,Libya,16024
3451,2019,Lithuania,61
3452,2019,Luxembourg,5
3453,2019,Madagascar,298
3454,2019,Malawi,514
3455,2019,Malaysia,906
3456,2019,Maldives,75
3457,2019,Mali,164461
3458,2019,Malta,5
3459,2019,Marshall Islands,7
3460,2019,Mauritania,37415
3461,2019,Mauritius,178
3462,2019,Mexico,14621
3463,2019,Monaco,5
3464,2019,Mongolia,2366
3465,2019,Montenegro,661
3466,2019,Morocco,4642
3467,2019,Mozambique,77
3468,2019,Myanmar,1076811
3469,2019,Namibia,457
3470,2019,Nepal,8033
3471,2019,Netherlands,55
3472,2019,New Zealand,34
3473,2019,Nicaragua,4369
3474,2019,Niger,3060
3475,2019,Nigeria,295570
3476,2019,Niue,19
3477,2019,North Macedonia,1784
3478,2019,Norway,5
3479,2019,Oman,42
3480,2019,Pakistan,136905
3481,2019,Palestinian,96251
3482,2019,Panama,45
3483,2019,Papua New Guinea,475
3484,2019,Paraguay,84
3485,2019,Peru,2764
3486,2019,Philippines,552
3487,2019,Poland,961
3488,2019,Portugal,25
3489,2019,Qatar,36
3490,2019,Rep. of Korea,180
3491,2019,Rep. of Moldova,2425
3492,2019,Romania,1354
3493,2019,Russian Federation,62343
3494,2019,Rwanda,246399
3495,2019,Saint Kitts and Nevis,57
3496,2019,Saint Lucia,843
3497,2019,Saint Vincent and the Grenadines,979
3498,2019,Sao Tome and Principe,28
3499,2019,Saudi Arabia,1713
3500,2019,Senegal,17207
3501,2019,Serbia and Kosovo: S/RES/1244 (1999),31242
3502,2019,Seychelles,15
3503,2019,Sierra Leone,5285
3504,2019,Singapore,39
3505,2019,Slovakia,1343
3506,2019,Slovenia,19
3507,2019,Solomon Islands,34
3508,2019,Somalia,901576
3509,2019,South Africa,440
3510,2019,South Sudan,2234789
3511,2019,Spain,51
3512,2019,Sri Lanka,110339
3513,2019,Stateless,68774
3514,2019,Sudan,734752
3515,2019,Suriname,17
3516,2019,Sweden,13
3517,2019,Switzerland,5
3518,2019,Syrian Arab Rep.,6615210
3519,2019,Tajikistan,1985
3520,2019,Thailand,171
3521,2019,Tibetan,12555
3522,2019,Timor-Leste,17
3523,2019,Togo,8027
3524,2019,Tonga,32
3525,2019,Total,20162316
3526,2019,Trinidad and Tobago,307
3527,2019,Tunisia,2061
3528,2019,Turkey,83233
3529,2019,Turkmenistan,478
3530,2019,Turks and Caicos Islands,14
3531,2019,Uganda,7300
3532,2019,Ukraine,59844
3533,2019,United Arab Emirates,155
3534,2019,United Kingdom of Great Britain and Northern Ireland,69
3535,2019,United Rep. of Tanzania,698
3536,2019,United States of America,298
3537,2019,Unknown ,183113
3538,2019,Uruguay,15
3539,2019,Uzbekistan,3219
3540,2019,Venezuela (Bolivarian Republic of),93237
3541,2019,Viet Nam,316444
3542,2019,Western Sahara,116906
3543,2019,Yemen,36510
3544,2019,Zambia,259
3545,2019,Zimbabwe,10044
